"","coast","site","site_full","treatment","transect.point","date.insertion","date.retrieval","month.iris","month_name.iris","season.iris","campaign","sr_mean","sr_max","sr_min","sr_se","sr_0-10 cm","sr_20-30 cm","sr_40-50 cm","sr_10-20 cm","sr_50-60cm","sr_30-40 cm"
"1","Baltic Sea","HEI","Heiligenhafen (HEI)","Not grazed","1",2023-02-01,2023-04-01,"04","April","Spring","one",0.625588146548809,0.981058879392213,0.0438987627959555,0.0576458542728206,0.175727885244995,0.732369237617062,0.748043044552792,0.470393681081936,0.84746317608204,0.779531854714028
"2","Baltic Sea","HEI","Heiligenhafen (HEI)","Not grazed","1",2023-04-01,2023-05-01,"05","May","Spring","two",0.582614437724302,0.969030019646552,0.0219213025000957,0.068012811687433,0.0892433934404668,0.763864762327745,0.68962730042687,0.389142104262717,0.781950288773057,0.781858777114955
"3","Baltic Sea","HEI","Heiligenhafen (HEI)","Not grazed","1",2023-05-01,2023-07-01,"07","July","Summer","three",0.75806004841114,0.99361928644116,0.0492797099366182,0.0688840681953465,0.111177023173054,0.956293993757829,0.987162478045686,0.555929806008433,0.974536503975041,0.963260485506796
"4","Baltic Sea","HEI","Heiligenhafen (HEI)","Not grazed","1",2023-07-01,2023-08-01,"08","August","Summer","four",0.822260317461071,0.994141405277585,0.00144617937028799,0.0648577767974482,0.152519547682847,0.99157044984584,0.985572276251472,0.861059351418403,0.953902524351766,0.988937755216096
"5","Baltic Sea","HEI","Heiligenhafen (HEI)","Not grazed","1",2023-08-01,2023-09-01,"09","September","Autumn","five",0.939319655456563,0.994736829075677,0.550150336304265,0.0193527205225786,0.904994299258275,0.951724449609959,0.983104016142228,0.84095420007543,0.969217024449001,0.985923943204485
"6","Baltic Sea","HEI","Heiligenhafen (HEI)","Not grazed","1",2023-09-01,2023-11-01,"11","November","Autumn","six",0.723101401514112,0.991446424278176,0.330928242460997,0.0462860936062046,0.683176243000058,0.526264629844689,0.950158363254158,0.572016035510167,0.984390846392817,0.622602291082784
"7","Baltic Sea","HEI","Heiligenhafen (HEI)","Not grazed","1",2023-10-01,2023-12-01,"12","December","Winter","seven",0.851055125320016,0.991707109153587,0.233506557286681,0.0434392710397872,0.443249275848818,0.949694771578467,0.963251406258413,0.832746232712583,0.970930901804082,0.94645816371773
"8","Baltic Sea","HEI","Heiligenhafen (HEI)","Not grazed","2",2023-02-01,2023-04-01,"04","April","Spring","one",NA,NA,NA,NA,NA,NA,NA,NA,NA,NA
"9","Baltic Sea","HEI","Heiligenhafen (HEI)","Not grazed","2",2023-04-01,2023-05-01,"05","May","Spring","two",NA,NA,NA,NA,NA,NA,NA,NA,NA,NA
"10","Baltic Sea","HEI","Heiligenhafen (HEI)","Not grazed","2",2023-05-01,2023-07-01,"07","July","Summer","three",NA,NA,NA,NA,NA,NA,NA,NA,NA,NA
"11","Baltic Sea","HEI","Heiligenhafen (HEI)","Not grazed","2",2023-07-01,2023-08-01,"08","August","Summer","four",NA,NA,NA,NA,NA,NA,NA,NA,NA,NA
"12","Baltic Sea","HEI","Heiligenhafen (HEI)","Not grazed","2",2023-08-01,2023-09-01,"09","September","Autumn","five",0.355251338225557,0.977096985193554,0.0292820791240239,0.0667989836488957,0.128332161908519,0.159362113009761,0.570553133454678,0.103389042920993,0.860087464217112,0.30978411384228
"13","Baltic Sea","HEI","Heiligenhafen (HEI)","Not grazed","2",2023-09-01,2023-11-01,"11","November","Autumn","six",0.351833619174651,0.954581117181295,0.0154851652361091,0.0654851133191069,0.0618385490184136,0.196396929488063,0.535469835061962,0.139034649269064,0.93436665388801,0.243895098322396
"14","Baltic Sea","HEI","Heiligenhafen (HEI)","Not grazed","2",2023-10-01,2023-12-01,"12","December","Winter","seven",0.383685815091827,0.982361492856007,0.011853625718063,0.0735268805946586,0.0282272972236803,0.139280379075343,0.680442740192929,0.0933366689403538,0.974197952477355,0.386629852641303
"15","Baltic Sea","HEI","Heiligenhafen (HEI)","Not grazed","3",2023-02-01,2023-04-01,"04","April","Spring","one",0.275338466748904,0.880981574238411,0.0117132560815642,0.0666005799168114,0.0342739984047857,0.342153472698533,NA,0.0881514160742558,NA,0.550883504555472
"16","Baltic Sea","HEI","Heiligenhafen (HEI)","Not grazed","3",2023-04-01,2023-05-01,"05","May","Spring","two",0.148415356675697,0.647507017778372,0.00312760682856908,0.0353414707468178,0.0175098781211302,0.0676290477899142,0.225631171401095,0.0565870237181378,NA,0.166747241924418
"17","Baltic Sea","HEI","Heiligenhafen (HEI)","Not grazed","3",2023-05-01,2023-07-01,"07","July","Summer","three",0.10184706399891,0.353211984707366,0.0183753646428837,0.0216633085709057,0.0484570879538268,0.0965075626328572,NA,0.0604255272292179,NA,NA
"18","Baltic Sea","HEI","Heiligenhafen (HEI)","Not grazed","3",2023-07-01,2023-08-01,"08","August","Summer","four",0.139984721580611,0.574617120633614,0.00634955917919625,0.0426779572377682,0.0246705382944123,0.0504863288196674,NA,0.0459905630521695,NA,NA
"19","Baltic Sea","HEI","Heiligenhafen (HEI)","Not grazed","3",2023-08-01,2023-09-01,"09","September","Autumn","five",0.238230062812594,0.917097772679062,0.0166618753578632,0.0494782826820488,0.0755191238279748,0.14192646407318,0.457082050463365,0.0723540861509985,NA,0.399519210778867
"20","Baltic Sea","HEI","Heiligenhafen (HEI)","Not grazed","3",2023-09-01,2023-11-01,"11","November","Autumn","six",0.239321283271324,0.934513498467251,0.00220619283074778,0.0634504550930262,0.00818142267028493,0.063587133641147,0.44975691920923,0.0271570740801078,0.677805432474896,0.209439717552278
"21","Baltic Sea","HEI","Heiligenhafen (HEI)","Not grazed","3",2023-10-01,2023-12-01,"12","December","Winter","seven",0.41139524373259,0.977190308993621,0.00608733553482118,0.0733679991201223,0.0313835605608854,0.261234284875772,0.777457266805121,0.0646047416036628,0.92673545937374,0.40695614917636
"22","Baltic Sea","HEI","Heiligenhafen (HEI)","Not grazed","4",2023-02-01,2023-04-01,"04","April","Spring","one",NA,NA,NA,NA,NA,NA,NA,NA,NA,NA
"23","Baltic Sea","HEI","Heiligenhafen (HEI)","Not grazed","4",2023-04-01,2023-05-01,"05","May","Spring","two",NA,NA,NA,NA,NA,NA,NA,NA,NA,NA
"24","Baltic Sea","HEI","Heiligenhafen (HEI)","Not grazed","4",2023-05-01,2023-07-01,"07","July","Summer","three",NA,NA,NA,NA,NA,NA,NA,NA,NA,NA
"25","Baltic Sea","HEI","Heiligenhafen (HEI)","Not grazed","4",2023-07-01,2023-08-01,"08","August","Summer","four",NA,NA,NA,NA,NA,NA,NA,NA,NA,NA
"26","Baltic Sea","HEI","Heiligenhafen (HEI)","Not grazed","4",2023-08-01,2023-09-01,"09","September","Autumn","five",0.476677589481995,0.900443756551042,0.0223815398499417,0.0634080965510242,0.079438712931472,0.652714083092915,0.375193277413526,0.181530268784295,0.73667734085717,0.834511853812594
"27","Baltic Sea","HEI","Heiligenhafen (HEI)","Not grazed","4",2023-09-01,2023-11-01,"11","November","Autumn","six",0.432341923212813,0.982537939819106,0.00409931258061487,0.0725077613819619,0.0279909796780951,0.468266725102028,0.478125023610153,0.115226554206787,0.966056589369293,0.538385667310519
"28","Baltic Sea","HEI","Heiligenhafen (HEI)","Not grazed","4",2023-10-01,2023-12-01,"12","December","Winter","seven",0.554659490070894,0.957857031403703,0.0235652656114892,0.0597431012537867,0.0691218430613676,0.583444829313445,0.66004863799815,0.409102140680098,0.913103566217388,0.693135923154917
"29","Baltic Sea","HEI","Heiligenhafen (HEI)","Not grazed","5",2023-02-01,2023-04-01,"04","April","Spring","one",0.431716617559665,0.882994718470032,0.0209425340322178,0.0620219663715555,0.133260062926162,0.590520492725287,NA,0.306223064354066,NA,0.740451521330581
"30","Baltic Sea","HEI","Heiligenhafen (HEI)","Not grazed","5",2023-04-01,2023-05-01,"05","May","Spring","two",0.0832135683140926,0.341414569287067,0.0023096906167018,0.0200226407316155,0.0217951556697464,0.157972444691487,0.0790910827689265,0.0265605815030367,0.0381039698331173,0.175758175418242
"31","Baltic Sea","HEI","Heiligenhafen (HEI)","Not grazed","5",2023-05-01,2023-07-01,"07","July","Summer","three",0.150717928643685,0.589886991668729,0.0129953954645686,0.0329962163516164,0.0353747285384377,0.206557843425919,0.0700574598997431,0.0603506403165759,0.360987437170259,0.170979462511177
"32","Baltic Sea","HEI","Heiligenhafen (HEI)","Not grazed","5",2023-07-01,2023-08-01,"08","August","Summer","four",0.0485363576473462,0.254369223573163,0.000885124046496012,0.013967148425767,0.0176372893990982,0.0168137043757589,0.113901372320832,0.0146608407881574,NA,0.0218986171957901
"33","Baltic Sea","HEI","Heiligenhafen (HEI)","Not grazed","5",2023-08-01,2023-09-01,"09","September","Autumn","five",0.638812157209289,0.988270308123249,0.0352534307894188,0.0680503552700075,0.131888752754771,0.779445846726141,0.852048276682325,0.306929283104085,0.927354633596316,0.835206150392095
"34","Baltic Sea","HEI","Heiligenhafen (HEI)","Not grazed","5",2023-09-01,2023-11-01,"11","November","Autumn","six",0.617382554998771,0.983945772386729,0.01155963348229,0.0741303599250931,0.116725494191099,0.461329451877513,0.96438680806687,0.365067274297792,0.98213471064515,0.814651590914201
"35","Baltic Sea","HEI","Heiligenhafen (HEI)","Not grazed","5",2023-10-01,2023-12-01,"12","December","Winter","seven",0.761732839450858,0.991967628940693,0.155162819787628,0.0558619639515833,0.247440031646181,0.80998483883121,0.98157220143817,0.637865458786637,0.970122201492072,0.923412304510876
"36","Baltic Sea","HEI","Heiligenhafen (HEI)","Grazed","1",2023-02-01,2023-04-01,"04","April","Spring","one",0.292212392453183,0.720495950936554,0.0068455521982391,0.0508727918196676,0.0183024502651771,0.205243424319893,0.570415700836751,0.0467483617626296,0.296841327886606,0.615723089648044
"37","Baltic Sea","HEI","Heiligenhafen (HEI)","Grazed","1",2023-04-01,2023-05-01,"05","May","Spring","two",0.0823604099458947,0.452469883572246,0.00271534669328213,0.023354156751456,0.0451511943670558,0.0383825605579843,0.203161527500794,0.0411537632549705,NA,0.0474444515455354
"38","Baltic Sea","HEI","Heiligenhafen (HEI)","Grazed","1",2023-05-01,2023-07-01,"07","July","Summer","three",0.0838154387748633,0.445509358828667,0.00254155490777163,0.0251575405835557,0.0202102582546785,0.0740120529748351,0.23319355106862,0.037870683500305,NA,0.0646215159213795
"39","Baltic Sea","HEI","Heiligenhafen (HEI)","Grazed","1",2023-07-01,2023-08-01,"08","August","Summer","four",0.164616078912762,0.681226003653036,0.0075964671851404,0.046147056794325,0.0260765611585243,0.185396183478626,0.313891339263957,0.0515762111725911,NA,0.246140099490112
"40","Baltic Sea","HEI","Heiligenhafen (HEI)","Grazed","1",2023-08-01,2023-09-01,"09","September","Autumn","five",0.233310896576539,0.787251357727344,0.0043877505972148,0.047422208179486,0.0349354805680241,0.140192364555404,0.469437127204002,0.036298611867492,0.496336523842863,0.222665271421451
"41","Baltic Sea","HEI","Heiligenhafen (HEI)","Grazed","1",2023-09-01,2023-11-01,"11","November","Autumn","six",0.118371405797334,0.529162294508569,0.000557812988386911,0.034492319540857,0.00741834166106085,0.060608043643629,0.272470861452841,0.00635225896152041,0.281186132915745,0.0821927961492088
"42","Baltic Sea","HEI","Heiligenhafen (HEI)","Grazed","1",2023-10-01,2023-12-01,"12","December","Winter","seven",0.185360230025566,0.742288690392328,0.0128413030533399,0.0424940419108616,0.0484693660210547,0.10837378067513,0.422970268246382,0.0542964976312894,0.33690606901884,0.141145398560697
"43","Baltic Sea","HEI","Heiligenhafen (HEI)","Grazed","2",2023-02-01,2023-04-01,"04","April","Spring","one",NA,NA,NA,NA,NA,NA,NA,NA,NA,NA
"44","Baltic Sea","HEI","Heiligenhafen (HEI)","Grazed","2",2023-04-01,2023-05-01,"05","May","Spring","two",NA,NA,NA,NA,NA,NA,NA,NA,NA,NA
"45","Baltic Sea","HEI","Heiligenhafen (HEI)","Grazed","2",2023-05-01,2023-07-01,"07","July","Summer","three",NA,NA,NA,NA,NA,NA,NA,NA,NA,NA
"46","Baltic Sea","HEI","Heiligenhafen (HEI)","Grazed","2",2023-07-01,2023-08-01,"08","August","Summer","four",NA,NA,NA,NA,NA,NA,NA,NA,NA,NA
"47","Baltic Sea","HEI","Heiligenhafen (HEI)","Grazed","2",2023-08-01,2023-09-01,"09","September","Autumn","five",0.572543771066055,0.987667800164494,0.0338851036226497,0.0778655488474544,0.0437386830986918,0.420195097539169,0.964730232279959,0.246999754480144,0.947657589471727,0.811941269526638
"48","Baltic Sea","HEI","Heiligenhafen (HEI)","Grazed","2",2023-09-01,2023-11-01,"11","November","Autumn","six",0.439312312965061,0.982549502311332,0.00859033307166087,0.0779213161918243,0.128598609556052,0.161212373565556,0.700607031480843,0.0656952677115156,0.926014934827746,0.653745660648655
"49","Baltic Sea","HEI","Heiligenhafen (HEI)","Grazed","2",2023-10-01,2023-12-01,"12","December","Winter","seven",0.55283756598628,0.989063429698811,0.0363087045226033,0.0729711508375717,0.232566209247363,0.222571576699271,0.927141872202432,0.295682120954777,0.976949850036638,0.662113766777197
"50","Baltic Sea","HEI","Heiligenhafen (HEI)","Grazed","3",2023-02-01,2023-04-01,"04","April","Spring","one",0.684147386758107,0.992228906179188,0.0826044726395706,0.0708778884726673,0.179314720192502,0.802188861864034,0.972640656962526,0.582851850563238,NA,0.883740844208233
"51","Baltic Sea","HEI","Heiligenhafen (HEI)","Grazed","3",2023-04-01,2023-05-01,"05","May","Spring","two",0.510957768699699,0.975741420760475,0.0188752164972064,0.0751826319866948,0.076138422097578,0.372178858050749,0.88848615642689,0.315864409733372,NA,0.66325628990375
"52","Baltic Sea","HEI","Heiligenhafen (HEI)","Grazed","3",2023-05-01,2023-07-01,"07","July","Summer","three",0.619463326497022,0.99064036716,0.0350800003784761,0.0758406055617899,0.0639436418610083,0.596963300674826,0.977204344170867,0.328427875291306,0.901983638907095,0.848257158077032
"53","Baltic Sea","HEI","Heiligenhafen (HEI)","Grazed","3",2023-07-01,2023-08-01,"08","August","Summer","four",0.662408816343481,0.991818453694869,0.0992268134269275,0.0666359966186042,0.226681277285226,0.670356902083714,0.926632796316077,0.291058877986466,0.898993520548219,0.960729523841185
"54","Baltic Sea","HEI","Heiligenhafen (HEI)","Grazed","3",2023-08-01,2023-09-01,"09","September","Autumn","five",0.870949394767912,0.993448835692419,0.602659350979956,0.0278537761729036,0.667574276624069,0.879179209553687,0.98513477173394,0.782197702397226,0.921499901849311,0.99011050644924
"55","Baltic Sea","HEI","Heiligenhafen (HEI)","Grazed","3",2023-09-01,2023-11-01,"11","November","Autumn","six",0.80989717511222,0.994455982644815,0.409015593825218,0.0383056390569471,0.537636780640987,0.833415154205288,0.976738989328812,0.708589003791549,0.814241897601321,0.988761225105365
"56","Baltic Sea","HEI","Heiligenhafen (HEI)","Grazed","3",2023-10-01,2023-12-01,"12","December","Winter","seven",0.899996617579388,0.994682035053083,0.392151490773419,0.0331633707522581,0.585350064467507,0.962969971204323,0.957811279976431,0.943054788248981,0.965756409004523,0.985037192574566
"57","Baltic Sea","HEI","Heiligenhafen (HEI)","Grazed","4",2023-02-01,2023-04-01,"04","April","Spring","one",NA,NA,NA,NA,NA,NA,NA,NA,NA,NA
"58","Baltic Sea","HEI","Heiligenhafen (HEI)","Grazed","4",2023-04-01,2023-05-01,"05","May","Spring","two",NA,NA,NA,NA,NA,NA,NA,NA,NA,NA
"59","Baltic Sea","HEI","Heiligenhafen (HEI)","Grazed","4",2023-05-01,2023-07-01,"07","July","Summer","three",NA,NA,NA,NA,NA,NA,NA,NA,NA,NA
"60","Baltic Sea","HEI","Heiligenhafen (HEI)","Grazed","4",2023-07-01,2023-08-01,"08","August","Summer","four",NA,NA,NA,NA,NA,NA,NA,NA,NA,NA
"61","Baltic Sea","HEI","Heiligenhafen (HEI)","Grazed","4",2023-08-01,2023-09-01,"09","September","Autumn","five",0.436632548186196,0.987902546236976,0.0219276560746262,0.0674691450566996,0.0529233228318387,0.397364080448421,0.696471659252559,0.201030750973179,0.970674634577139,0.301330841034039
"62","Baltic Sea","HEI","Heiligenhafen (HEI)","Grazed","4",2023-09-01,2023-11-01,"11","November","Autumn","six",0.339450458299487,0.979875911335424,0.0152603582060417,0.0557514225888378,0.077290274450906,0.337953370619777,0.425705644876065,0.14519650558537,0.739224665910257,0.311332288354546
"63","Baltic Sea","HEI","Heiligenhafen (HEI)","Grazed","4",2023-10-01,2023-12-01,"12","December","Winter","seven",0.574910608584952,0.936875472434225,0.122621762629261,0.0518367254217678,0.266484650810626,0.685002451743162,0.679959469286495,0.436084080399331,0.626290385902887,0.755642613367214
"64","Baltic Sea","HEI","Heiligenhafen (HEI)","Grazed","5",2023-02-01,2023-04-01,"04","April","Spring","one",0.401590266634484,0.989271985192919,0.0628455973710796,0.0687065996567284,0.173154738353087,0.266062472419863,NA,0.162997022779999,NA,0.637305629948449
"65","Baltic Sea","HEI","Heiligenhafen (HEI)","Grazed","5",2023-04-01,2023-05-01,"05","May","Spring","two",0.273236120474133,0.834629754103617,0.0226321241544579,0.0558463063153907,0.237166011584555,0.101164540831449,0.433005871390578,0.127936877671498,NA,0.382172999838174
"66","Baltic Sea","HEI","Heiligenhafen (HEI)","Grazed","5",2023-05-01,2023-07-01,"07","July","Summer","three",0.202333428061339,0.424227788994565,0.0398903554537375,0.0265699588028754,0.090296189122209,0.260495990652097,0.24439656241428,0.105662980970659,NA,0.31081541714745
"67","Baltic Sea","HEI","Heiligenhafen (HEI)","Grazed","5",2023-07-01,2023-08-01,"08","August","Summer","four",0.227627019153889,0.760854061867315,0.0152446151277342,0.0507992908035099,0.157702530144863,0.210197005073356,NA,0.0682998434851436,NA,0.303333077359562
"68","Baltic Sea","HEI","Heiligenhafen (HEI)","Grazed","5",2023-08-01,2023-09-01,"09","September","Autumn","five",0.341331913267282,0.985413793590353,0.0121743299470905,0.0696836203582239,0.151983308876146,0.144146772670887,0.57188138252808,0.0638438859360706,0.969825878399283,0.146310251193227
"69","Baltic Sea","HEI","Heiligenhafen (HEI)","Grazed","5",2023-09-01,2023-11-01,"11","November","Autumn","six",0.305999264809844,0.986999797350475,0.00200899334551957,0.073084471619805,0.339071943983972,0.0442247108714915,0.384842734586248,0.0385551643158225,0.920898727088968,0.10840230801256
"70","Baltic Sea","HEI","Heiligenhafen (HEI)","Grazed","5",2023-10-01,2023-12-01,"12","December","Winter","seven",0.463612768320558,0.972261985512803,0.109961869030542,0.05968338125587,0.278780753620815,0.336081797368432,0.648080034317365,0.178648065915511,0.962233729453578,0.377852229247647
"71","North Sea","MET","Mettgrund (MET)","Not grazed","0.1",2023-02-01,2023-03-01,"03","March","Spring","one",0.849684884131015,0.994354453363914,0.382521139723506,0.040509378824749,0.513897366918332,0.867513105926575,0.981326654712902,0.852380246003983,0.961982015554817,0.921009915669482
"72","North Sea","MET","Mettgrund (MET)","Not grazed","0.1",2023-03-01,2023-05-01,"05","May","Spring","two",NA,NA,NA,NA,NA,NA,NA,NA,NA,NA
"73","North Sea","MET","Mettgrund (MET)","Not grazed","0.1",2023-05-01,2023-06-01,"06","June","Summer","three",0.781934996272369,0.994457808140094,0.184064063011545,0.046362419177731,0.633054550910688,0.764577717407774,0.909955079511057,0.63250840239175,0.886913548370763,0.864600679042179
"74","North Sea","MET","Mettgrund (MET)","Not grazed","0.1",2023-06-01,2023-08-01,"08","August","Summer","four",0.954535891332981,0.994861931774786,0.759183634410609,0.0123882542869334,0.902641678671528,0.975163847378895,0.988911116829142,0.893488558583186,0.976396581644462,0.990613564890673
"75","North Sea","MET","Mettgrund (MET)","Not grazed","0.1",2023-08-01,2023-09-01,"09","September","Autumn","five",0.922297143974713,0.994459972765714,0.610297564267747,0.0242898020024095,0.707133287679512,0.978938835313663,0.990595806339402,0.898394673404468,0.968184311784593,0.990535949326637
"76","North Sea","MET","Mettgrund (MET)","Not grazed","0.1",2023-09-01,2023-10-01,"10","October","Autumn","six",0.933681714892927,0.994599217327593,0.537906368862352,0.0240965633606722,0.738057418962294,0.988096820450219,0.984444304224183,0.936013317508176,0.965861217112948,0.989617211099745
"77","North Sea","MET","Mettgrund (MET)","Not grazed","0.1",2023-10-01,2023-12-01,"12","December","Winter","seven",0.73258949523018,0.987027724622847,0.0482450435947711,0.0578661628251029,0.416150976485775,0.723305818151259,0.914179825281199,0.639722538933716,0.908153061720804,0.794024750808328
"78","North Sea","MET","Mettgrund (MET)","Not grazed","0.2",2023-02-01,2023-03-01,"03","March","Spring","one",NA,NA,NA,NA,NA,NA,NA,NA,NA,NA
"79","North Sea","MET","Mettgrund (MET)","Not grazed","0.2",2023-03-01,2023-05-01,"05","May","Spring","two",NA,NA,NA,NA,NA,NA,NA,NA,NA,NA
"80","North Sea","MET","Mettgrund (MET)","Not grazed","0.2",2023-05-01,2023-06-01,"06","June","Summer","three",NA,NA,NA,NA,NA,NA,NA,NA,NA,NA
"81","North Sea","MET","Mettgrund (MET)","Not grazed","0.2",2023-06-01,2023-08-01,"08","August","Summer","four",0.823288728709462,0.986177930507827,0.425886642519397,0.0337315204255466,0.572689091750849,0.875301583541923,0.870956061880453,0.775937410710353,0.93011803411329,0.914730190259901
"82","North Sea","MET","Mettgrund (MET)","Not grazed","0.2",2023-08-01,2023-09-01,"09","September","Autumn","five",0.635068161173352,0.988803504056931,0.0139055556950267,0.0797229725164356,0.090311240042691,0.658397828075069,0.983322638109562,0.15542051961323,0.981592234673849,0.941364506525711
"83","North Sea","MET","Mettgrund (MET)","Not grazed","0.2",2023-09-01,2023-10-01,"10","October","Autumn","six",0.599891703045681,0.99342293394338,0.0299972561224313,0.0750143721196225,0.130354291017478,0.401273220312831,0.98345297981504,0.31161544644162,0.980649810926028,0.792004469761092
"84","North Sea","MET","Mettgrund (MET)","Not grazed","0.2",2023-10-01,2023-12-01,"12","December","Winter","seven",0.655970395298881,0.994286173562958,0.0302675844172439,0.0722989425959599,0.0907778492201969,0.700462820304455,0.944077819051692,0.319067918088628,0.943077781545125,0.938358183583188
"85","North Sea","MET","Mettgrund (MET)","Not grazed","1",2023-02-01,2023-03-01,"03","March","Spring","one",0.112234536706321,0.338131693219141,0.00412172871003904,0.021716224238659,0.0519825614316238,0.146386706087397,0.135268513756293,0.0546434586450814,0.107610236137578,0.177515744179953
"86","North Sea","MET","Mettgrund (MET)","Not grazed","1",2023-03-01,2023-05-01,"05","May","Spring","two",0.0254551261202648,0.0598679980944364,0.00231275333689557,0.00344488153140783,0.0344255894523547,0.0341343579851682,0.0113228275008241,0.0335680939030742,0.0103949138709987,0.028884974009169
"87","North Sea","MET","Mettgrund (MET)","Not grazed","1",2023-05-01,2023-06-01,"06","June","Summer","three",0.081733408631742,0.544885441527446,0.0035897712635291,0.0298003783526812,0.0366202265215988,0.0330357048769426,0.164655212145202,0.0239487380330411,0.209770537332328,0.0223700328813399
"88","North Sea","MET","Mettgrund (MET)","Not grazed","1",2023-06-01,2023-08-01,"08","August","Summer","four",0.244386618153056,0.580906747058641,0.0305162191940246,0.0351032846003543,0.117521344357115,0.404690349461684,0.210595575275663,0.298147737585438,0.116103420896502,0.319261281341937
"89","North Sea","MET","Mettgrund (MET)","Not grazed","1",2023-08-01,2023-09-01,"09","September","Autumn","five",0.269606161222919,0.854099055298241,0.0172741721790608,0.0537539386630061,0.153899842476421,0.406169767103992,0.214495736210773,0.219207136705286,0.240587889041316,0.383276595799725
"90","North Sea","MET","Mettgrund (MET)","Not grazed","1",2023-09-01,2023-10-01,"10","October","Autumn","six",0.0872169163136036,0.380830268200155,0.0143661063120542,0.0180089354824292,0.0889161259274278,0.0611749040876856,0.0345015316949914,0.0619594542643513,0.205315577181618,0.0714339047255479
"91","North Sea","MET","Mettgrund (MET)","Not grazed","1",2023-10-01,2023-12-01,"12","December","Winter","seven",0.115934965469109,0.656724455286742,0.0103818743203356,0.027853341810999,0.0646712029171757,0.133177722711783,0.0966446711706019,0.0653442735526239,0.236746150167743,0.0990257722947269
"92","North Sea","MET","Mettgrund (MET)","Not grazed","2",2023-02-01,2023-03-01,"03","March","Spring","one",NA,NA,NA,NA,NA,NA,NA,NA,NA,NA
"93","North Sea","MET","Mettgrund (MET)","Not grazed","2",2023-03-01,2023-05-01,"05","May","Spring","two",NA,NA,NA,NA,NA,NA,NA,NA,NA,NA
"94","North Sea","MET","Mettgrund (MET)","Not grazed","2",2023-05-01,2023-06-01,"06","June","Summer","three",0.230198477372249,0.697118632617214,0.00536169844770182,0.0407104636794557,0.033142390426868,0.214906073082773,0.452641596587824,0.0733406733934369,0.340076850136625,0.26708328060597
"95","North Sea","MET","Mettgrund (MET)","Not grazed","2",2023-06-01,2023-08-01,"08","August","Summer","four",0.677669815140458,0.985228630141375,0.262190146752933,0.0412643274567773,0.689321868335967,0.70398794941007,0.633530165252946,0.859311393839405,0.691280291368733,0.488587222635629
"96","North Sea","MET","Mettgrund (MET)","Not grazed","2",2023-08-01,2023-09-01,"09","September","Autumn","five",0.800721585555954,0.986796951413451,0.147550654652263,0.0477056171105022,0.367423825362524,0.905014930194305,0.917174267510755,0.839257466524175,0.936532509140321,0.838926514603644
"97","North Sea","MET","Mettgrund (MET)","Not grazed","2",2023-09-01,2023-10-01,"10","October","Autumn","six",0.912362525659145,0.97619928686084,0.792686943842975,0.0117026806256703,0.877415107713949,0.934115495377693,0.921642974383655,0.917065864703366,0.918920791587347,0.905014920188859
"98","North Sea","MET","Mettgrund (MET)","Not grazed","2",2023-10-01,2023-12-01,"12","December","Winter","seven",0.808587171730419,0.988473818961853,0.319430325450389,0.0343301878016186,0.543238509948351,0.849732378908955,0.909162052510645,0.770366203209405,0.913072253465721,0.865951632339439
"99","North Sea","MET","Mettgrund (MET)","Not grazed","3",2023-02-01,2023-03-01,"03","March","Spring","one",0.0641659803108735,0.199682452933306,0.016122621413526,0.00976768292399088,0.0639074087221633,0.085393538060052,0.047334049665316,0.0625001281763144,0.0557705604971846,0.0700901967442108
"100","North Sea","MET","Mettgrund (MET)","Not grazed","3",2023-03-01,2023-05-01,"05","May","Spring","two",0.0394280122119001,0.127506448615587,0.00588452401374442,0.00710366395587968,0.0453595895613667,0.0410118094041032,0.0259969060939201,0.0392841766981439,0.0470566765758096,0.037858914938057
"101","North Sea","MET","Mettgrund (MET)","Not grazed","3",2023-05-01,2023-06-01,"06","June","Summer","three",0.046660186922777,0.294863881295624,0.0102595624200511,0.0119565815358778,0.0204597187869734,0.027064393206678,0.0679148810729653,0.0206187329349912,0.106934570424115,0.0369688251109389
"102","North Sea","MET","Mettgrund (MET)","Not grazed","3",2023-06-01,2023-08-01,"08","August","Summer","four",0.339191737488585,0.806864229336844,0.0173356089516175,0.0536942388819689,0.0503179897886584,0.747255386400268,0.341746378903116,0.244172066390443,0.13178724489141,0.519871358557616
"103","North Sea","MET","Mettgrund (MET)","Not grazed","3",2023-08-01,2023-09-01,"09","September","Autumn","five",0.293456018271645,0.617036053121714,0.00955840561445128,0.0400113402540126,0.0468551233254171,0.528210506242323,0.249662685767438,0.202010137212955,0.203665465370182,0.530332191711553
"104","North Sea","MET","Mettgrund (MET)","Not grazed","3",2023-09-01,2023-10-01,"10","October","Autumn","six",0.223368639842428,0.79279853709006,0.00983125350325988,0.0468943098508452,0.0236276499766574,0.367935350280564,0.232509699645065,0.0833324359934516,0.427212376141808,0.205594327017023
"105","North Sea","MET","Mettgrund (MET)","Not grazed","3",2023-10-01,2023-12-01,"12","December","Winter","seven",0.288052970166723,0.575713231796694,0.0291111408058893,0.0410138334180107,0.0354708363569661,0.419483945248025,0.38276892711444,0.123717031718618,0.291094556750865,0.475782523811426
"106","North Sea","MET","Mettgrund (MET)","Not grazed","4",2023-02-01,2023-03-01,"03","March","Spring","one",NA,NA,NA,NA,NA,NA,NA,NA,NA,NA
"107","North Sea","MET","Mettgrund (MET)","Not grazed","4",2023-03-01,2023-05-01,"05","May","Spring","two",NA,NA,NA,NA,NA,NA,NA,NA,NA,NA
"108","North Sea","MET","Mettgrund (MET)","Not grazed","4",2023-05-01,2023-06-01,"06","June","Summer","three",0.0247410817941459,0.054050461024224,0.00433764592878933,0.00311574042125934,0.039758657086296,0.0269413905661843,0.00974762597313188,0.0382961234435266,0.0147817613919297,0.0189209323038067
"109","North Sea","MET","Mettgrund (MET)","Not grazed","4",2023-06-01,2023-08-01,"08","August","Summer","four",0.364341584121094,0.944998210537516,0.0223411351907196,0.0564961907783989,0.0613544653381003,0.455328518409426,0.382462135001228,0.153784539195744,0.407427184609285,0.725692662172779
"110","North Sea","MET","Mettgrund (MET)","Not grazed","4",2023-08-01,2023-09-01,"09","September","Autumn","five",0.382601876713071,0.953205794823381,0.026035607981215,0.0649911815315799,0.0581654801672669,0.284688729819001,0.525242297968385,0.14481471654597,0.609122991372568,0.673577044405238
"111","North Sea","MET","Mettgrund (MET)","Not grazed","4",2023-09-01,2023-10-01,"10","October","Autumn","six",0.145425062150208,0.512794484320967,0.0138701254183974,0.030528999433035,0.0368840672112025,0.0657793568634686,0.207180753577729,0.0670755486824848,0.299931911902439,0.195698734663922
"112","North Sea","MET","Mettgrund (MET)","Not grazed","4",2023-10-01,2023-12-01,"12","December","Winter","seven",0.243180955202704,0.717015330428414,0.0214198362012526,0.0488315090627887,0.0471255581078158,0.266106912485841,0.271679618680724,0.0940383089232225,0.370156502589286,0.409978830429334
"113","North Sea","MET","Mettgrund (MET)","Not grazed","5",2023-02-01,2023-03-01,"03","March","Spring","one",0.148346466822952,0.361276800407399,0.0124885709417544,0.0198437536067122,0.220683378864698,0.0811242450206737,0.165604705653135,0.0610217042899564,0.15782558084859,0.203819186260659
"114","North Sea","MET","Mettgrund (MET)","Not grazed","5",2023-03-01,2023-05-01,"05","May","Spring","two",0.372975014975483,0.701065831614761,0.123894069069241,0.032179402824632,0.224558520564772,0.451593212024239,0.319789101581397,0.551502521698427,0.402038044159829,0.288368689824236
"115","North Sea","MET","Mettgrund (MET)","Not grazed","5",2023-05-01,2023-06-01,"06","June","Summer","three",0.386787249467452,0.816191787675669,0.0356913589969382,0.046174878208233,0.115478080918781,0.616407089457635,0.284744743869006,0.555962619587586,0.314763363603787,0.433367599367916
"116","North Sea","MET","Mettgrund (MET)","Not grazed","5",2023-06-01,2023-08-01,"08","August","Summer","four",0.796260981200562,0.981606400869439,0.279099191507686,0.0344893671864055,0.807852766942522,0.631936029903031,0.909935245064319,0.842897631120868,0.93994070087188,0.645003513300752
"117","North Sea","MET","Mettgrund (MET)","Not grazed","5",2023-08-01,2023-09-01,"09","September","Autumn","five",0.754375470435274,0.972307534306869,0.429660586869228,0.0336049285500968,0.61602815091228,0.860714265165245,0.718856500127458,0.927471251956591,0.699592740285881,0.703589914164187
"118","North Sea","MET","Mettgrund (MET)","Not grazed","5",2023-09-01,2023-10-01,"10","October","Autumn","six",0.81255977105745,0.974729790325624,0.453574936477737,0.0261070553143047,0.719507112877189,0.866529655912088,0.858083329767926,0.79346551347497,0.8488833886182,0.788889625694325
"119","North Sea","MET","Mettgrund (MET)","Not grazed","5",2023-10-01,2023-12-01,"12","December","Winter","seven",0.849012442164,0.990687375462221,0.159083014073883,0.0400206255779501,0.545169463648464,0.979373000423781,0.906252007670288,0.837228418051875,0.901176392030554,0.924875371159039
"120","North Sea","MET","Mettgrund (MET)","Grazed","1",2023-02-01,2023-03-01,"03","March","Spring","one",0.0732819837719894,0.220937299483045,0.0140124932341866,0.0105383249495676,0.107761796448501,0.0604020304091078,0.0423908759037201,0.0401757759659247,0.0846912842857289,0.104270139618954
"121","North Sea","MET","Mettgrund (MET)","Grazed","1",2023-03-01,2023-05-01,"05","May","Spring","two",0.0271502271852025,0.0640277350120314,0.00321425577524161,0.00402983587335188,0.0467694937639304,0.0352468450387101,0.00729177102296455,0.0443312291603757,0.00637701359679248,0.0228850105284416
"122","North Sea","MET","Mettgrund (MET)","Grazed","1",2023-05-01,2023-06-01,"06","June","Summer","three",0.126066595839175,0.71896343156775,0.00286498284397942,0.0327689577361337,0.06557112756689,0.138437187977381,0.138165560665659,0.0503454600513269,0.233158474315637,0.130721764458156
"123","North Sea","MET","Mettgrund (MET)","Grazed","1",2023-06-01,2023-08-01,"08","August","Summer","four",0.279970676283596,0.766164513955657,0.036273544676442,0.0462945308056859,0.104419132103414,0.277164459569341,0.472354019585171,0.0682964790374785,0.188257344815853,0.569332622590318
"124","North Sea","MET","Mettgrund (MET)","Grazed","1",2023-08-01,2023-09-01,"09","September","Autumn","five",0.294436067373999,0.793140897674542,0.0157036970776712,0.0462832687698554,0.12282187388124,0.384657145555944,0.43359767458347,0.0761167931203793,0.195946568441584,0.553476348661377
"125","North Sea","MET","Mettgrund (MET)","Grazed","1",2023-09-01,2023-10-01,"10","October","Autumn","six",0.321552220720359,0.958109995153342,0.0145073708195444,0.0624739665223592,0.225966762875054,0.447987731194304,0.320550688156754,0.219376450683792,0.221025862718577,0.494405828693675
"126","North Sea","MET","Mettgrund (MET)","Grazed","1",2023-10-01,2023-12-01,"12","December","Winter","seven",0.188348491838138,0.579286192010701,0.0196691933257453,0.0296205846696057,0.153553298675777,0.183337148935588,0.220178500854871,0.0376995433137312,0.17207007683289,0.363252382415973
"127","North Sea","MET","Mettgrund (MET)","Grazed","2",2023-02-01,2023-03-01,"03","March","Spring","one",NA,NA,NA,NA,NA,NA,NA,NA,NA,NA
"128","North Sea","MET","Mettgrund (MET)","Grazed","2",2023-03-01,2023-05-01,"05","May","Spring","two",NA,NA,NA,NA,NA,NA,NA,NA,NA,NA
"129","North Sea","MET","Mettgrund (MET)","Grazed","2",2023-05-01,2023-06-01,"06","June","Summer","three",0.117323046135253,0.252802781349717,0.0341833266927602,0.0138408871349557,0.0597595807307037,0.151020170715523,NA,0.101644969180838,NA,0.195764185165329
"130","North Sea","MET","Mettgrund (MET)","Grazed","2",2023-06-01,2023-08-01,"08","August","Summer","four",0.195472036248406,0.661928236527776,0.0108006171781245,0.0335818836497163,0.0440391675390691,0.132062217934197,0.419335050187981,0.0812013566999243,0.153124721526231,0.343069703603036
"131","North Sea","MET","Mettgrund (MET)","Grazed","2",2023-08-01,2023-09-01,"09","September","Autumn","five",0.27580523297517,0.846019742322104,0.0229267350622164,0.0461943352866356,0.153906210071727,0.259788242238403,0.516228661842022,0.216676116440828,0.215071685189102,0.293160482068935
"132","North Sea","MET","Mettgrund (MET)","Grazed","2",2023-09-01,2023-10-01,"10","October","Autumn","six",0.109972265745722,0.443516964611456,0.00533603994885679,0.0274875163923641,0.0331614810266966,0.0402869436512879,0.341128001610407,0.0167014397725341,0.121525169387574,0.107030559025832
"133","North Sea","MET","Mettgrund (MET)","Grazed","2",2023-10-01,2023-12-01,"12","December","Winter","seven",0.20825859939034,0.710417059822608,0.0114504948293666,0.0414267306743324,0.0574364496657809,0.151482610487748,0.504001413794484,0.0423702825581963,0.141590111324099,0.35267072851173
"134","North Sea","MET","Mettgrund (MET)","Grazed","3",2023-02-01,2023-03-01,"03","March","Spring","one",0.204774795667728,0.436299842633488,0.0217646880090873,0.0260243350770486,0.342917290286479,0.27044349133053,0.0871501905549666,0.252534937167205,0.135280391432748,0.140322473234442
"135","North Sea","MET","Mettgrund (MET)","Grazed","3",2023-03-01,2023-05-01,"05","May","Spring","two",0.0525284627747934,0.173545543801628,0.00539143279172821,0.00980434589578047,0.0703311675152182,0.0864697818673602,0.0280646755449352,0.0656452217998738,0.0307469001924446,0.0339130297289285
"136","North Sea","MET","Mettgrund (MET)","Grazed","3",2023-05-01,2023-06-01,"06","June","Summer","three",0.138596428875425,0.55470500813852,0.011760663944637,0.0256907891171938,0.0612605392631013,0.152096323748194,0.100608072856445,0.0999159985911363,0.196813385690337,0.220884253103338
"137","North Sea","MET","Mettgrund (MET)","Grazed","3",2023-06-01,2023-08-01,"08","August","Summer","four",0.380120332035094,0.837058032189197,0.0691608125034036,0.0456556101381248,0.0755327211887981,0.498045429745311,0.395929297640456,0.329454750179558,0.402103969984296,0.579655823472145
"138","North Sea","MET","Mettgrund (MET)","Grazed","3",2023-08-01,2023-09-01,"09","September","Autumn","five",0.302611659839558,0.766894607327901,0.0080675804556195,0.0537187283659394,0.0186283873837724,0.259703811174637,0.372322110409749,0.0412213702065699,0.628229478533078,0.495564801329541
"139","North Sea","MET","Mettgrund (MET)","Grazed","3",2023-09-01,2023-10-01,"10","October","Autumn","six",0.191373578385844,0.603242210756102,0.00646615943900356,0.034878001861889,0.0165428632777328,0.271402059384487,0.174643085721303,0.0746124972882622,0.319915962263456,0.291125002379822
"140","North Sea","MET","Mettgrund (MET)","Grazed","3",2023-10-01,2023-12-01,"12","December","Winter","seven",0.407067602800499,0.874450259376578,0.0371371987955503,0.0522593853321262,0.108641544215247,0.399863994319274,0.465045338709439,0.16860475668282,0.678333925450289,0.621916057425928
"141","North Sea","MET","Mettgrund (MET)","Grazed","4",2023-02-01,2023-03-01,"03","March","Spring","one",NA,NA,NA,NA,NA,NA,NA,NA,NA,NA
"142","North Sea","MET","Mettgrund (MET)","Grazed","4",2023-03-01,2023-05-01,"05","May","Spring","two",NA,NA,NA,NA,NA,NA,NA,NA,NA,NA
"143","North Sea","MET","Mettgrund (MET)","Grazed","4",2023-05-01,2023-06-01,"06","June","Summer","three",0.166104135565501,0.483242398738524,0.0451921215640728,0.0272492991541963,0.0630079977491761,0.168205084604968,0.145007643840157,0.151743096477853,NA,0.150922933661306
"144","North Sea","MET","Mettgrund (MET)","Grazed","4",2023-06-01,2023-08-01,"08","August","Summer","four",0.237910014685898,0.65875281779162,0.00996357558308052,0.0354568759004385,0.0526158692412532,0.214549178036234,0.418644188802738,0.0999212455194142,0.219060590225285,0.422669016290463
"145","North Sea","MET","Mettgrund (MET)","Grazed","4",2023-08-01,2023-09-01,"09","September","Autumn","five",0.286851165076903,0.851662761579629,0.0112701406610205,0.0524943827135192,0.0606638715530475,0.289728391521264,0.404224040881403,0.0791795435274153,0.362249974924753,0.525061168053536
"146","North Sea","MET","Mettgrund (MET)","Grazed","4",2023-09-01,2023-10-01,"10","October","Autumn","six",0.150337479328366,0.467833215991522,0.0186146562473608,0.0227888660744608,0.0671140238626201,0.0892160385740893,0.312043234137352,0.0540587752034829,0.177858980538981,0.201733823653674
"147","North Sea","MET","Mettgrund (MET)","Grazed","4",2023-10-01,2023-12-01,"12","December","Winter","seven",0.429392658237862,0.895406448218409,0.0895975627973953,0.0445881373333017,0.189936787608708,0.572793841424951,0.426691596801202,0.27820909793965,0.493097636969006,0.615626988683655
"148","North Sea","MET","Mettgrund (MET)","Grazed","5",2023-02-01,2023-03-01,"03","March","Spring","one",0.263983157497026,0.566654842981461,0.0400598782908653,0.0314161335406286,0.443068476887907,0.263567990175808,0.11134547909612,0.391064690204508,0.209563926516118,0.165288382101698
"149","North Sea","MET","Mettgrund (MET)","Grazed","5",2023-03-01,2023-05-01,"05","May","Spring","two",0.287523250989808,0.914569680463748,0.037723417963227,0.0442037513128499,0.238741420197266,0.34060735422532,0.284182282006228,0.339255869283206,0.118632681372036,0.403719898854791
"150","North Sea","MET","Mettgrund (MET)","Grazed","5",2023-05-01,2023-06-01,"06","June","Summer","three",0.128739545436154,0.434356933465235,0.00405477922509198,0.0252276958359586,0.0464121845304054,0.187569204377093,0.142508939667772,0.0637069469377298,0.0875732757128565,0.244666721391067
"151","North Sea","MET","Mettgrund (MET)","Grazed","5",2023-06-01,2023-08-01,"08","August","Summer","four",0.330436170880833,0.87424306006522,0.093992091480281,0.0416201081296746,0.186565732532719,0.467170906916612,0.299045758738565,0.248434209768057,0.206588551207239,0.574811866121806
"152","North Sea","MET","Mettgrund (MET)","Grazed","5",2023-08-01,2023-09-01,"09","September","Autumn","five",0.439083458000443,0.961231402683519,0.00820914342549666,0.0567724777879754,0.246323034118086,0.547105384706415,0.478249499684231,0.227973481884664,0.381353043337092,0.75349630427217
"153","North Sea","MET","Mettgrund (MET)","Grazed","5",2023-09-01,2023-10-01,"10","October","Autumn","six",0.309210961342489,0.631679094125417,0.0369681883239358,0.034434245901297,0.273893091168838,0.376855979464724,0.314320971348673,0.0942745357648821,0.317782367440067,0.478138822867747
"154","North Sea","MET","Mettgrund (MET)","Grazed","5",2023-10-01,2023-12-01,"12","December","Winter","seven",0.470915874185067,0.993978007921084,0.0839098564996837,0.0595942463743723,0.287154093942929,0.637034498367835,0.444392053973925,0.379917450502806,0.421635207942372,0.655361940380538
"155","North Sea","NES","Nessmersiel (NES)","Not grazed","1",2023-02-01,2023-03-01,"03","March","Spring","one",0.233388456165944,0.990009723585832,0.00531326430885395,0.0563677600683718,0.0640637456695856,0.145682342024801,0.379821283873806,0.0337138011048717,0.653669116167319,0.123380448155278
"156","North Sea","NES","Nessmersiel (NES)","Not grazed","1",2023-03-01,2023-05-01,"05","May","Spring","two",0.265778271577154,0.940561132366721,0.0160339651812996,0.0568449805816584,0.0243899885058015,0.232999185985935,0.429375404206807,0.0459797299338378,0.708798474805213,0.15312684602533
"157","North Sea","NES","Nessmersiel (NES)","Not grazed","1",2023-05-01,2023-06-01,"06","June","Summer","three",NA,NA,NA,NA,NA,NA,NA,NA,NA,NA
"158","North Sea","NES","Nessmersiel (NES)","Not grazed","1",2023-06-01,2023-08-01,"08","August","Summer","four",0.628635285293552,0.992730925925479,0.013426781556777,0.0728566163045624,0.155899436005643,0.641518493628914,0.986597281142485,0.243060362820047,0.983044495091871,0.761691643072353
"159","North Sea","NES","Nessmersiel (NES)","Not grazed","1",2023-07-01,2023-09-01,"09","September","Autumn","five",0.529396223218414,0.986724398712758,0.0161428125061027,0.0808176212010226,0.0572563212526111,0.458707113436446,0.964753763880863,0.0488676861986008,0.958623198496038,0.688169256045924
"160","North Sea","NES","Nessmersiel (NES)","Not grazed","1",2023-09-01,2023-10-01,"10","October","Autumn","six",0.563661241858965,0.990927366619585,0.00426154978276429,0.0822636259274275,0.101162918801923,0.54170152473817,0.978189115509205,0.0908287798206487,0.981706899655108,0.688378212628737
"161","North Sea","NES","Nessmersiel (NES)","Not grazed","1",2023-10-01,2023-11-01,"11","November","Autumn","seven",0.551232841003507,0.987722062126023,0.0250314634352599,0.0783337257817234,0.071402265536998,0.486591251079691,0.955170757253909,0.162474001362976,0.967518212117154,0.664240558670317
"162","North Sea","NES","Nessmersiel (NES)","Not grazed","2",2023-02-01,2023-03-01,"03","March","Spring","one",0.207618063443081,0.577765169768949,0.0174298938986916,0.0395901940745121,0.463237917721832,0.222327251684503,0.0342092146785039,0.400889200155696,0.0446666254917731,0.0803781709261801
"163","North Sea","NES","Nessmersiel (NES)","Not grazed","2",2023-03-01,2023-05-01,"05","May","Spring","two",0.33432660011435,0.851033277143036,0.0183087698501615,0.0573732549398867,0.643935205559034,0.507545102336982,0.055945366971183,0.499347477138423,0.0918334547640325,0.207352993916447
"164","North Sea","NES","Nessmersiel (NES)","Not grazed","2",2023-05-01,2023-06-01,"06","June","Summer","three",NA,NA,NA,NA,NA,NA,NA,NA,NA,NA
"165","North Sea","NES","Nessmersiel (NES)","Not grazed","2",2023-06-01,2023-08-01,"08","August","Summer","four",0.248104023916635,0.501739895774128,0.0175361015708298,0.0344237588024378,0.025295595792019,0.460111793978389,0.219457689613223,0.270897650589413,0.175478956948404,0.337382456578359
"166","North Sea","NES","Nessmersiel (NES)","Not grazed","2",2023-07-01,2023-09-01,"09","September","Autumn","five",0.605024801678109,0.975240705295517,0.146023350011913,0.0553849627124459,0.87336999365497,0.72344189834799,0.295599801723023,0.926045347528626,0.312216796949569,0.499474971864479
"167","North Sea","NES","Nessmersiel (NES)","Not grazed","2",2023-09-01,2023-10-01,"10","October","Autumn","six",0.565792002947108,0.966705859889254,0.100617466621242,0.0537478535901647,0.746129708157957,0.772055878255562,0.243939198337374,0.864983559156324,0.330258717404156,0.437384956371276
"168","North Sea","NES","Nessmersiel (NES)","Not grazed","2",2023-10-01,2023-11-01,"11","November","Autumn","seven",0.549988803987576,0.92605920457894,0.161599009549722,0.0463353917447893,0.635320315978375,0.695647649784634,0.269896102325218,0.781309155030466,0.401545124450777,0.516214476355984
"169","North Sea","NES","Nessmersiel (NES)","Not grazed","3",2023-02-01,2023-03-01,"03","March","Spring","one",NA,NA,NA,NA,NA,NA,NA,NA,NA,NA
"170","North Sea","NES","Nessmersiel (NES)","Not grazed","3",2023-03-01,2023-05-01,"05","May","Spring","two",NA,NA,NA,NA,NA,NA,NA,NA,NA,NA
"171","North Sea","NES","Nessmersiel (NES)","Not grazed","3",2023-05-01,2023-06-01,"06","June","Summer","three",NA,NA,NA,NA,NA,NA,NA,NA,NA,NA
"172","North Sea","NES","Nessmersiel (NES)","Not grazed","3",2023-06-01,2023-08-01,"08","August","Summer","four",0.0524397764701973,0.288641332437148,0.000384882586604634,0.0190633923182845,0.022314204130017,NA,NA,0.0226331103961107,NA,NA
"173","North Sea","NES","Nessmersiel (NES)","Not grazed","3",2023-07-01,2023-09-01,"09","September","Autumn","five",0.106922250226986,0.400361855642489,0.0194674479555941,0.0188535593048781,0.0320401284330637,0.205568750907449,0.0767656633681804,0.0437528683232991,0.0730452957326608,0.210360794597264
"174","North Sea","NES","Nessmersiel (NES)","Not grazed","3",2023-09-01,2023-10-01,"10","October","Autumn","six",0.0452980599302805,0.169774081249181,0.000896099375692749,0.0100977791100574,0.0127436885110659,0.0330058698813463,0.026853791016134,0.0120506632121308,0.117266516633071,0.0698678303279353
"175","North Sea","NES","Nessmersiel (NES)","Not grazed","3",2023-10-01,2023-11-01,"11","November","Autumn","seven",0.0333296589708754,0.0790367148109365,0.00712466433295207,0.00448598271995434,0.0157822116083854,0.0447987621721584,0.027469377818742,0.0150412943611989,0.0425876406534165,0.0542986672113514
"176","North Sea","NES","Nessmersiel (NES)","Not grazed","4",2023-02-01,2023-03-01,"03","March","Spring","one",NA,NA,NA,NA,NA,NA,NA,NA,NA,NA
"177","North Sea","NES","Nessmersiel (NES)","Not grazed","4",2023-03-01,2023-05-01,"05","May","Spring","two",NA,NA,NA,NA,NA,NA,NA,NA,NA,NA
"178","North Sea","NES","Nessmersiel (NES)","Not grazed","4",2023-05-01,2023-06-01,"06","June","Summer","three",NA,NA,NA,NA,NA,NA,NA,NA,NA,NA
"179","North Sea","NES","Nessmersiel (NES)","Not grazed","4",2023-06-01,2023-08-01,"08","August","Summer","four",0.0397954129452817,0.197940146170584,0.00148701581314377,0.0234044339989425,0.0121324373992086,NA,NA,0.0674583884913547,NA,NA
"180","North Sea","NES","Nessmersiel (NES)","Not grazed","4",2023-07-01,2023-09-01,"09","September","Autumn","five",0.0966747458371141,0.329423262530663,0.00599055240992565,0.0240616884883829,0.0283999302307868,0.222536343862317,NA,0.0341298095535819,NA,NA
"181","North Sea","NES","Nessmersiel (NES)","Not grazed","4",2023-09-01,2023-10-01,"10","October","Autumn","six",0.0349952196670294,0.155688204001099,0.00237757954933042,0.00833542132634943,0.00918514762218142,0.0505086052361211,0.0184915342123027,0.010300345058514,0.0831928456457158,0.0382928402273413
"182","North Sea","NES","Nessmersiel (NES)","Not grazed","4",2023-10-01,2023-11-01,"11","November","Autumn","seven",0.0519251725516043,0.217308479368977,0.00344346254017165,0.0105209342120326,0.0125130407175379,0.0911779129202686,0.0483724950836622,0.0208954700614378,0.0657156749249256,0.0728764416017938
"183","North Sea","NES","Nessmersiel (NES)","Not grazed","5",2023-02-01,2023-03-01,"03","March","Spring","one",0.283031204140937,0.843130011670369,0.0244870275476043,0.0482571458008926,0.23901357990607,0.358866155380881,NA,0.23377150250933,NA,0.436901727886898
"184","North Sea","NES","Nessmersiel (NES)","Not grazed","5",2023-03-01,2023-05-01,"05","May","Spring","two",0.284675375867184,0.798731778635977,0.0306892729466058,0.0526178845914346,0.06141843200805,0.565903078095672,0.160731385884249,0.147883054641552,0.140068554514397,0.632047750059186
"185","North Sea","NES","Nessmersiel (NES)","Not grazed","5",2023-05-01,2023-06-01,"06","June","Summer","three",NA,NA,NA,NA,NA,NA,NA,NA,NA,NA
"186","North Sea","NES","Nessmersiel (NES)","Not grazed","5",2023-06-01,2023-08-01,"08","August","Summer","four",0.456590356890033,0.969392408992681,0.000738441935779684,0.0723723861771484,0.0241350485071242,0.550447440067829,0.791825667682376,0.0416436147017127,0.434939346425696,0.896551023955459
"187","North Sea","NES","Nessmersiel (NES)","Not grazed","5",2023-07-01,2023-09-01,"09","September","Autumn","five",0.700458833402235,0.994636155383341,0.0160808765663781,0.0655937302117395,0.110229344748742,0.948774264173168,0.875912208142404,0.547311919445909,0.737769959128387,0.982755304774803
"188","North Sea","NES","Nessmersiel (NES)","Not grazed","5",2023-09-01,2023-10-01,"10","October","Autumn","six",0.636326603721712,0.995498979535826,0.00451365606140974,0.0716762619398632,0.0419608227196615,0.88027608919425,0.931165696006202,0.346068515915933,0.774111289581908,0.844377208912319
"189","North Sea","NES","Nessmersiel (NES)","Not grazed","5",2023-10-01,2023-11-01,"11","November","Autumn","seven",0.705839083595873,0.959620198022726,0.0621709913423677,0.0564968003638389,0.162452810403208,0.71724679166398,0.894176707733103,0.728047879962521,0.842729900626403,0.890380411186021
"190","North Sea","NES","Nessmersiel (NES)","Grazed","1",2023-02-01,2023-03-01,"03","March","Spring","one",0.631793211639251,0.990647756846453,0.0960258215849608,0.0621817569115842,0.154016234702657,0.609155612973362,0.846439196269298,0.433715568040263,0.929181837019555,0.81825082083037
"191","North Sea","NES","Nessmersiel (NES)","Grazed","1",2023-03-01,2023-05-01,"05","May","Spring","two",0.64144263848096,0.993896753005478,0.0324718244216592,0.0709527068260722,0.0675485488473442,0.648069642796549,0.885614005769061,0.352309274308982,0.949198820432882,0.945915538730943
"192","North Sea","NES","Nessmersiel (NES)","Grazed","1",2023-05-01,2023-06-01,"06","June","Summer","three",NA,NA,NA,NA,NA,NA,NA,NA,NA,NA
"193","North Sea","NES","Nessmersiel (NES)","Grazed","1",2023-06-01,2023-08-01,"08","August","Summer","four",0.731198142802851,0.987677353423486,0.181328611284756,0.0514278042027783,0.408475837811822,0.689815565789254,0.977138989863777,0.497343217732381,0.979525340203805,0.834889905416067
"194","North Sea","NES","Nessmersiel (NES)","Grazed","1",2023-07-01,2023-09-01,"09","September","Autumn","five",NA,NA,NA,NA,NA,NA,NA,NA,NA,NA
"195","North Sea","NES","Nessmersiel (NES)","Grazed","1",2023-09-01,2023-10-01,"10","October","Autumn","six",0.878366789722921,0.987535697431731,0.552807578549445,0.0276588071046971,0.687952762062496,0.905657172833855,0.984422900980755,0.736605039535761,0.982214173846102,0.97334868907856
"196","North Sea","NES","Nessmersiel (NES)","Grazed","1",2023-10-01,2023-11-01,"11","November","Autumn","seven",0.722226741589376,0.992783893887751,0.058254938330907,0.0718911792577169,0.161944655654144,0.869425450788681,0.97664356831128,0.401211903885211,0.940477425843884,0.983657445053058
"197","North Sea","NES","Nessmersiel (NES)","Grazed","2",2023-02-01,2023-03-01,"03","March","Spring","one",0.0522239904433897,0.14950780880265,0.00910918724571861,0.00854513074596203,0.0280861661703705,0.0578335589414677,0.0524812580536284,0.0456546547901314,0.0446715999054974,0.0846167047992431
"198","North Sea","NES","Nessmersiel (NES)","Grazed","2",2023-03-01,2023-05-01,"05","May","Spring","two",0.0797093238878327,0.408394429480753,0.00550316925736103,0.0207680272809672,0.0308612831033357,0.0352999771136907,0.16336544608874,0.0232070973569323,0.168169437633042,0.0573527020312551
"199","North Sea","NES","Nessmersiel (NES)","Grazed","2",2023-05-01,2023-06-01,"06","June","Summer","three",NA,NA,NA,NA,NA,NA,NA,NA,NA,NA
"200","North Sea","NES","Nessmersiel (NES)","Grazed","2",2023-06-01,2023-08-01,"08","August","Summer","four",0.191180009541616,0.865094560893769,0.0146906144917247,0.0429070477057544,0.0649412946368334,0.164087360644008,0.242645503137638,0.105207876287507,0.420514439359887,0.149683583183823
"201","North Sea","NES","Nessmersiel (NES)","Grazed","2",2023-07-01,2023-09-01,"09","September","Autumn","five",0.558689967603514,0.958012692990713,0.163466893474234,0.0596578860191916,0.218795467140334,0.805055618232227,0.585330130848093,0.379347982076132,0.604292542233728,0.759318065090572
"202","North Sea","NES","Nessmersiel (NES)","Grazed","2",2023-09-01,2023-10-01,"10","October","Autumn","six",0.347082039686514,0.978737452815303,0.00536153138430177,0.0715151116727137,0.0832071235970444,0.225785929343644,0.602554132547156,0.0331690413038951,0.632282657029559,0.505493354297788
"203","North Sea","NES","Nessmersiel (NES)","Grazed","2",2023-10-01,2023-11-01,"11","November","Autumn","seven",0.740961362810435,0.977207439044435,0.298848863991255,0.0475218166130485,0.371656513088215,0.889085624929209,0.687983735186115,0.911548071007141,0.767015226482547,0.818479006169386
"204","North Sea","NES","Nessmersiel (NES)","Grazed","3",2023-02-01,2023-03-01,"03","March","Spring","one",0.0799065598800334,0.257221298663217,0.0176094317716325,0.0116171494747516,0.0618776078290429,0.0796773859037919,0.0442338292253723,0.0555905118960864,0.145661421469709,0.0923986029561982
"205","North Sea","NES","Nessmersiel (NES)","Grazed","3",2023-03-01,2023-05-01,"05","May","Spring","two",NA,NA,NA,NA,NA,NA,NA,NA,NA,NA
"206","North Sea","NES","Nessmersiel (NES)","Grazed","3",2023-05-01,2023-06-01,"06","June","Summer","three",NA,NA,NA,NA,NA,NA,NA,NA,NA,NA
"207","North Sea","NES","Nessmersiel (NES)","Grazed","3",2023-06-01,2023-08-01,"08","August","Summer","four",0.247549055145684,0.724271378750012,0.0152010194695692,0.0442789477542246,0.0504760785398438,0.266994939043602,0.368150900553689,0.107508770370495,0.342819628516317,0.349344013850155
"208","North Sea","NES","Nessmersiel (NES)","Grazed","3",2023-07-01,2023-09-01,"09","September","Autumn","five",0.47911488422226,0.786668102256404,0.255982798992681,0.0348524629710969,0.328509076053928,0.670221562112572,0.423632536137742,0.358400916443943,0.482489130711057,0.611436083874316
"209","North Sea","NES","Nessmersiel (NES)","Grazed","3",2023-09-01,2023-10-01,"10","October","Autumn","six",0.252125619919204,0.647588849253534,0.0650801946563192,0.0308521150255655,0.366091560166582,0.190042178862966,0.184841385235609,0.163921779393563,0.395981442749464,0.211875373107039
"210","North Sea","NES","Nessmersiel (NES)","Grazed","3",2023-10-01,2023-11-01,"11","November","Autumn","seven",0.479006701997385,0.90913782133177,0.160550300437224,0.0406633832162502,0.347880913441757,0.596492110176638,0.399067914455003,0.450021822034198,0.44405286588227,0.636524585994445
"211","North Sea","NES","Nessmersiel (NES)","Grazed","4",2023-02-01,2023-03-01,"03","March","Spring","one",0.109335662478396,0.288196716746265,0.0315419172927774,0.0145977248888319,0.0605825557207251,0.120339366162226,0.105293356454861,0.0455235812382292,0.179126219398706,0.145148895895627
"212","North Sea","NES","Nessmersiel (NES)","Grazed","4",2023-03-01,2023-05-01,"05","May","Spring","two",NA,NA,NA,NA,NA,NA,NA,NA,NA,NA
"213","North Sea","NES","Nessmersiel (NES)","Grazed","4",2023-05-01,2023-06-01,"06","June","Summer","three",NA,NA,NA,NA,NA,NA,NA,NA,NA,NA
"214","North Sea","NES","Nessmersiel (NES)","Grazed","4",2023-06-01,2023-08-01,"08","August","Summer","four",0.0882073134428909,0.432577046114357,0.00445240458619251,0.0221663171945372,0.0174881390509045,0.0573729772020028,0.182904905607167,0.044434774124471,0.0817685770771148,0.145274507595685
"215","North Sea","NES","Nessmersiel (NES)","Grazed","4",2023-07-01,2023-09-01,"09","September","Autumn","five",0.318620822028467,0.747681030415347,0.0981014556386504,0.0367303906606306,0.218154074466992,0.503183360334995,0.343904541960806,0.206778873684648,0.133829868232777,0.505874213490584
"216","North Sea","NES","Nessmersiel (NES)","Grazed","4",2023-09-01,2023-10-01,"10","October","Autumn","six",0.124619847196772,0.366092336265639,0.0121666662480503,0.0226960351709746,0.264772910507602,0.0848576631075976,0.136372123997918,0.0499391844817946,0.0889131380426004,0.122864063043122
"217","North Sea","NES","Nessmersiel (NES)","Grazed","4",2023-10-01,2023-11-01,"11","November","Autumn","seven",0.413030400070675,0.922831397836622,0.0653152726169713,0.0482880604914561,0.368567743269176,0.581606558066414,0.381245426748324,0.404042355985298,0.171068895932325,0.571651420422516
"218","North Sea","NES","Nessmersiel (NES)","Grazed","5",2023-02-01,2023-03-01,"03","March","Spring","one",0.395869919948635,0.861093951278846,0.124474394564868,0.0444590472457787,0.191129031939079,0.709978534131464,0.298103454481739,0.375997703159733,0.353756691661125,0.446254104318671
"219","North Sea","NES","Nessmersiel (NES)","Grazed","5",2023-03-01,2023-05-01,"05","May","Spring","two",0.39227396615887,0.99266474295366,0.0494182764262017,0.0694514060533412,0.0871067553972798,0.717252896095408,0.285902493546381,0.389166966331304,0.119311277662292,0.754903407920557
"220","North Sea","NES","Nessmersiel (NES)","Grazed","5",2023-05-01,2023-06-01,"06","June","Summer","three",NA,NA,NA,NA,NA,NA,NA,NA,NA,NA
"221","North Sea","NES","Nessmersiel (NES)","Grazed","5",2023-06-01,2023-08-01,"08","August","Summer","four",0.429264049667263,0.790531426039313,0.0483460742099343,0.0532819991626598,0.190418946518919,0.497746282302395,0.474844892612761,0.196796986280216,0.636913442751497,0.578863747537786
"222","North Sea","NES","Nessmersiel (NES)","Grazed","5",2023-07-01,2023-09-01,"09","September","Autumn","five",0.315375041690208,0.802238591379195,0.045126835145264,0.0390100422612601,0.0622216564360583,0.378370944302324,0.316289331802535,0.170153715738633,0.540055301667701,0.425159300193996
"223","North Sea","NES","Nessmersiel (NES)","Grazed","5",2023-09-01,2023-10-01,"10","October","Autumn","six",0.27612741046458,0.778988957750331,0.0314430348103244,0.0412091433990143,0.0888232920923227,0.179665202738838,0.326033277918472,0.0818477466781046,0.614710377101555,0.36568456625819
"224","North Sea","NES","Nessmersiel (NES)","Grazed","5",2023-10-01,2023-11-01,"11","November","Autumn","seven",0.528141128216377,0.981273473622257,0.12931952376343,0.0574478921133181,0.222542391517364,0.669646537084237,0.4689371503548,0.522418949684742,0.695589037141184,0.589712703515938
"225","Baltic Sea","SCH","Schleimnde (SCH)","Not grazed","1",2023-02-01,2023-04-01,"04","April","Spring","one",0.619723580305919,0.975807960587866,0.0971612091704111,0.0736137131002576,0.180223833363337,0.733608593932821,NA,0.325337935525112,NA,0.938018415196213
"226","Baltic Sea","SCH","Schleimnde (SCH)","Not grazed","1",2023-04-01,2023-05-01,"05","May","Spring","two",0.67244978747311,0.977336332550098,0.03135618321971,0.0637013079446098,0.316815769201945,0.571637384427486,0.967151370401772,0.311585944847133,0.921044198570555,0.946464057389772
"227","Baltic Sea","SCH","Schleimnde (SCH)","Not grazed","1",2023-05-01,2023-06-01,"06","June","Summer","three",0.873290810837761,0.982531770839619,0.442289915359505,0.0312650833151715,0.684057208913344,0.85248954952785,0.969140238576896,0.818970625161622,0.944830993110688,0.970256249736166
"228","Baltic Sea","SCH","Schleimnde (SCH)","Not grazed","1",2023-06-01,2023-08-01,"08","August","Summer","four",0.897135405441721,0.993841412755763,0.583069163401982,0.0263594551502033,0.671623242783873,0.975188317899229,0.976179917415477,0.8497800201669,0.920409582669848,0.989631351714998
"229","Baltic Sea","SCH","Schleimnde (SCH)","Not grazed","1",2023-08-01,2023-09-01,"09","September","Autumn","five",0.898331747286453,0.993203431372549,0.541529240611019,0.0266573340852599,0.713327086948142,0.967000543893974,0.988038747431329,0.788099338364595,0.94505561079451,0.988469156286166
"230","Baltic Sea","SCH","Schleimnde (SCH)","Not grazed","1",2023-09-01,2023-11-01,"11","November","Autumn","six",0.815839458582747,0.994374632943586,0.106585442859835,0.0578211929324069,0.418694579447861,0.929598381118854,0.991461337332485,0.593760826717352,0.969326711057429,0.992194915822504
"231","Baltic Sea","SCH","Schleimnde (SCH)","Not grazed","1",2023-10-01,2023-12-01,"12","December","Winter","seven",0.728607707906116,0.994169189890626,0.0159319220385228,0.068072407158072,0.157573788404524,0.821965651143801,0.980452402964076,0.491471056041019,0.956188915238379,0.963994433644899
"232","Baltic Sea","SCH","Schleimnde (SCH)","Not grazed","2",2023-02-01,2023-04-01,"04","April","Spring","one",NA,NA,NA,NA,NA,NA,NA,NA,NA,NA
"233","Baltic Sea","SCH","Schleimnde (SCH)","Not grazed","2",2023-04-01,2023-05-01,"05","May","Spring","two",NA,NA,NA,NA,NA,NA,NA,NA,NA,NA
"234","Baltic Sea","SCH","Schleimnde (SCH)","Not grazed","2",2023-05-01,2023-06-01,"06","June","Summer","three",0.748609740644,0.993421835715934,0.129535110296791,0.0634521799279583,0.302943030397228,0.890005021487682,0.941861452542584,0.395869715690918,0.972355575451932,0.988623648293656
"235","Baltic Sea","SCH","Schleimnde (SCH)","Not grazed","2",2023-06-01,2023-08-01,"08","August","Summer","four",0.773198287443564,0.993869918073031,0.234674155875034,0.0566870661378841,0.307913975650923,0.903596329108326,0.978762117732796,0.546425723647495,0.955560716491752,0.946930862030094
"236","Baltic Sea","SCH","Schleimnde (SCH)","Not grazed","2",2023-08-01,2023-09-01,"09","September","Autumn","five",0.79080398480166,0.996446586040329,0.199891620944253,0.0575390614095257,0.304744797954469,0.957425600830658,0.989971431290557,0.531528538259979,0.967560278910895,0.993593261563402
"237","Baltic Sea","SCH","Schleimnde (SCH)","Not grazed","2",2023-09-01,2023-11-01,"11","November","Autumn","six",0.790462323528442,0.99645270017973,0.279291353217965,0.0517159010860796,0.350207909259782,0.907073976350547,0.979059411736322,0.590630541880085,0.970998929025875,0.944803172918044
"238","Baltic Sea","SCH","Schleimnde (SCH)","Not grazed","2",2023-10-01,2023-12-01,"12","December","Winter","seven",0.75372217210126,0.995332425680801,0.210725265737945,0.0573441192730913,0.43771289761049,0.770643613892126,0.99126923494654,0.391359653722468,0.972735947794466,0.958611684641473
"239","Baltic Sea","SCH","Schleimnde (SCH)","Not grazed","3",2023-02-01,2023-04-01,"04","April","Spring","one",0.55013493271523,0.898294435355108,0.131330771917569,0.0612523769371245,0.31191146369742,NA,NA,0.551297010310198,NA,NA
"240","Baltic Sea","SCH","Schleimnde (SCH)","Not grazed","3",2023-04-01,2023-05-01,"05","May","Spring","two",0.633424210727046,0.987715082280323,0.0445944138774263,0.0630865546344103,0.259118990579616,0.803069768633062,0.731075771939238,0.463204169366971,0.746520450390625,0.797556113452763
"241","Baltic Sea","SCH","Schleimnde (SCH)","Not grazed","3",2023-05-01,2023-06-01,"06","June","Summer","three",0.833464068435709,0.985148679856201,0.378220195784128,0.0392438707404455,0.463258854054988,0.92667345056753,0.905556030878263,0.852153748100436,0.877653110675403,0.975489216337632
"242","Baltic Sea","SCH","Schleimnde (SCH)","Not grazed","3",2023-06-01,2023-08-01,"08","August","Summer","four",0.867102369834019,0.993077783913483,0.0625770130378,0.0454840658421041,0.505651209949882,0.987953668854875,0.93231775362375,0.897277049039038,0.894428597287746,0.984985940248822
"243","Baltic Sea","SCH","Schleimnde (SCH)","Not grazed","3",2023-08-01,2023-09-01,"09","September","Autumn","five",0.89113077060447,0.995348350756266,0.425122232264446,0.0339401910829339,0.584344426464395,0.991439859562123,0.963668904210727,0.870564539348129,0.94444271473918,0.992324179302269
"244","Baltic Sea","SCH","Schleimnde (SCH)","Not grazed","3",2023-09-01,2023-11-01,"11","November","Autumn","six",0.846377341951013,0.991741311094442,0.208522843068542,0.0505813401175613,0.317790412422601,0.976744470893545,0.974754099453218,0.905131809608668,0.971677495559284,0.932165763768759
"245","Baltic Sea","SCH","Schleimnde (SCH)","Not grazed","3",2023-10-01,2023-12-01,"12","December","Winter","seven",0.749790636649102,0.994532480544008,0.0773120902235449,0.0554950963454129,0.312708047260416,0.852966489416582,0.94250446431671,0.560068853629703,0.868341854722283,0.962154110548918
"246","Baltic Sea","SCH","Schleimnde (SCH)","Not grazed","4",2023-02-01,2023-04-01,"04","April","Spring","one",NA,NA,NA,NA,NA,NA,NA,NA,NA,NA
"247","Baltic Sea","SCH","Schleimnde (SCH)","Not grazed","4",2023-04-01,2023-05-01,"05","May","Spring","two",NA,NA,NA,NA,NA,NA,NA,NA,NA,NA
"248","Baltic Sea","SCH","Schleimnde (SCH)","Not grazed","4",2023-05-01,2023-06-01,"06","June","Summer","three",0.825302398039043,0.985860158088683,0.425681966897839,0.0366880293475285,0.616291843278944,0.786123285122265,0.87736646151906,0.837100900005408,0.968409305847871,0.866522592460712
"249","Baltic Sea","SCH","Schleimnde (SCH)","Not grazed","4",2023-06-01,2023-08-01,"08","August","Summer","four",0.848286545368847,0.991460408103103,0.388109928432509,0.0376236560874928,0.735113595338324,0.945587674228221,0.787612232079173,0.959618138442893,0.829230117521491,0.832557514602981
"250","Baltic Sea","SCH","Schleimnde (SCH)","Not grazed","4",2023-08-01,2023-09-01,"09","September","Autumn","five",0.888002728234525,0.993268186753529,0.577455399341313,0.0253863277830127,0.678645327884711,0.928688721056119,0.956887561640212,0.934945359379118,0.958751756510364,0.870097642936627
"251","Baltic Sea","SCH","Schleimnde (SCH)","Not grazed","4",2023-09-01,2023-11-01,"11","November","Autumn","six",0.876639792129487,0.994131866463225,0.277009629333261,0.0387317559932553,0.599887325694,0.924874522156571,0.985766381970547,0.806011815907322,0.971794801354994,0.971503905693486
"252","Baltic Sea","SCH","Schleimnde (SCH)","Not grazed","4",2023-10-01,2023-12-01,"12","December","Winter","seven",0.75890501949687,0.965615575117083,0.217627036286874,0.0467666425122551,0.38314897594359,0.771548568274478,0.950987844576357,0.709980732971436,0.930194963117348,0.807569032098012
"253","Baltic Sea","SCH","Schleimnde (SCH)","Not grazed","5",2023-02-01,2023-04-01,"04","April","Spring","one",0.404242027223961,0.951230220129667,0.037183706054735,0.0558131892936503,0.211336943187387,0.194925720215306,0.635470072691328,0.123032779627312,0.760864875201904,0.499821772420528
"254","Baltic Sea","SCH","Schleimnde (SCH)","Not grazed","5",2023-04-01,2023-05-01,"05","May","Spring","two",0.560764803893811,0.989642280197723,0.00281209370724035,0.0771182540484949,0.453279730094644,0.51619121351434,0.668277869714276,0.43801134434384,0.674342988529336,0.61448567716643
"255","Baltic Sea","SCH","Schleimnde (SCH)","Not grazed","5",2023-05-01,2023-06-01,"06","June","Summer","three",0.862913013116774,0.991547664811045,0.647835590148203,0.0224680520924937,0.848625669801537,0.8846070343865,0.922479512109577,0.88326143155488,0.725075737687256,0.913428693160893
"256","Baltic Sea","SCH","Schleimnde (SCH)","Not grazed","5",2023-06-01,2023-08-01,"08","August","Summer","four",0.863490007792349,0.992638454244289,0.584992043440192,0.0303291473922232,0.65048494381829,0.95232276822396,0.850969713767652,0.88042756208443,0.878195261552232,0.96853979730753
"257","Baltic Sea","SCH","Schleimnde (SCH)","Not grazed","5",2023-08-01,2023-09-01,"09","September","Autumn","five",0.924822561400064,0.995173217001923,0.593796003677782,0.0233501458760195,0.709324583870289,0.938661777168979,0.988763409685016,0.946068600822486,0.982146279982128,0.983970716871484
"258","Baltic Sea","SCH","Schleimnde (SCH)","Not grazed","5",2023-09-01,2023-11-01,"11","November","Autumn","six",0.798716275367037,0.994482496194825,0.246831391946045,0.0548748798388243,0.566251951530651,0.778669767979979,0.990620314316665,0.482415098516341,0.985344733048819,0.988995786809768
"259","Baltic Sea","SCH","Schleimnde (SCH)","Not grazed","5",2023-10-01,2023-12-01,"12","December","Winter","seven",0.571572745725677,0.979321381426117,0.028303709906794,0.0626691229911947,0.316055296673547,0.724695887325668,0.713460041641062,0.27611727309467,0.743976342780779,0.655131632838335
"260","Baltic Sea","SCH","Schleimnde (SCH)","Grazed","1",2023-02-01,2023-04-01,"04","April","Spring","one",0.889651016425973,0.994478853709267,0.194006554955897,0.0404771909658084,0.529261473819796,0.988458236764008,0.977683076353367,0.940831028529346,0.913134282082374,0.988538001006947
"261","Baltic Sea","SCH","Schleimnde (SCH)","Grazed","1",2023-04-01,2023-05-01,"05","May","Spring","two",0.824704902190699,0.990870064262721,0.150768682561803,0.0537876821940601,0.428545434933631,0.941844300781462,0.967194406483551,0.66320405323802,0.961668181229546,0.985773036477985
"262","Baltic Sea","SCH","Schleimnde (SCH)","Grazed","1",2023-05-01,2023-06-01,"06","June","Summer","three",0.654088979596885,0.985718848165044,0.323714018271136,0.049813590349398,0.490527525590695,0.458275175184179,0.955378801960798,0.444775347146203,0.974617169784458,0.600959857914978
"263","Baltic Sea","SCH","Schleimnde (SCH)","Grazed","1",2023-06-01,2023-08-01,"08","August","Summer","four",0.830606366984392,0.981864013141746,0.553286716607505,0.0279590220219319,0.645338486701031,0.884429915236921,0.899647454061172,0.769796705596367,0.968449969371439,0.815975670939422
"264","Baltic Sea","SCH","Schleimnde (SCH)","Grazed","1",2023-08-01,2023-09-01,"09","September","Autumn","five",0.923853504597021,0.991778881276285,0.58615496178948,0.0204799376716749,0.723119197199335,0.964674731585365,0.98284375110817,0.956775177372728,0.96418199971491,0.951526170601618
"265","Baltic Sea","SCH","Schleimnde (SCH)","Grazed","1",2023-09-01,2023-11-01,"11","November","Autumn","six",0.895269716587967,0.988715005489335,0.582191848391727,0.0265723551263902,0.711748070521845,0.800804899977764,0.979263887041188,0.956607668813836,0.975771954624088,0.947421818549078
"266","Baltic Sea","SCH","Schleimnde (SCH)","Grazed","1",2023-10-01,2023-12-01,"12","December","Winter","seven",0.864949360736241,0.99097933724343,0.164406771288708,0.0475023946473437,0.393860514701608,0.982471432714101,0.983995320799463,0.881040991976796,0.9654258675073,0.982902036718179
"267","Baltic Sea","SCH","Schleimnde (SCH)","Grazed","2",2023-02-01,2023-04-01,"04","April","Spring","one",NA,NA,NA,NA,NA,NA,NA,NA,NA,NA
"268","Baltic Sea","SCH","Schleimnde (SCH)","Grazed","2",2023-04-01,2023-05-01,"05","May","Spring","two",NA,NA,NA,NA,NA,NA,NA,NA,NA,NA
"269","Baltic Sea","SCH","Schleimnde (SCH)","Grazed","2",2023-05-01,2023-06-01,"06","June","Summer","three",0.231326579349444,0.313584539933473,0.152745301306755,0.0222856524961615,0.216029281239905,NA,NA,0.246623877458983,NA,NA
"270","Baltic Sea","SCH","Schleimnde (SCH)","Grazed","2",2023-06-01,2023-08-01,"08","August","Summer","four",0.147210720996968,0.336764098073049,0.0172905967942733,0.0399208938062101,0.104409098114456,NA,NA,0.190012343879481,NA,NA
"271","Baltic Sea","SCH","Schleimnde (SCH)","Grazed","2",2023-08-01,2023-09-01,"09","September","Autumn","five",0.457054580869079,0.99286892700517,0.0197785967067357,0.0994239256912978,0.0660974282329946,0.345337019959716,0.726060172814677,0.0660910853635641,NA,0.728173491431965
"272","Baltic Sea","SCH","Schleimnde (SCH)","Grazed","2",2023-09-01,2023-11-01,"11","November","Autumn","six",0.668543806065674,0.993499956928908,0.054084141425487,0.0785604492181685,0.241804368667443,0.687424170475113,0.988778382571114,0.128810556953026,0.972575948127655,0.991869409599691
"273","Baltic Sea","SCH","Schleimnde (SCH)","Grazed","2",2023-10-01,2023-12-01,"12","December","Winter","seven",0.670462270470571,0.995567797732635,0.0360984037073902,0.0759991689969254,0.101438405467043,0.72028757658597,0.988759083784331,0.271993200909749,0.957517213279435,0.982778142796898
"274","Baltic Sea","SCH","Schleimnde (SCH)","Grazed","3",2023-02-01,2023-04-01,"04","April","Spring","one",0.315385046087291,0.872050362239198,0.00309182181874134,0.0886122316513164,0.136936696515408,NA,NA,0.284142684259714,NA,NA
"275","Baltic Sea","SCH","Schleimnde (SCH)","Grazed","3",2023-04-01,2023-05-01,"05","May","Spring","two",NA,NA,NA,NA,NA,NA,NA,NA,NA,NA
"276","Baltic Sea","SCH","Schleimnde (SCH)","Grazed","3",2023-05-01,2023-06-01,"06","June","Summer","three",NA,NA,NA,NA,NA,NA,NA,NA,NA,NA
"277","Baltic Sea","SCH","Schleimnde (SCH)","Grazed","3",2023-06-01,2023-08-01,"08","August","Summer","four",0.105261252220665,0.395984429420201,0.0030089149434674,0.0405231870374837,0.02562439848582,NA,NA,0.0782678670778697,NA,NA
"278","Baltic Sea","SCH","Schleimnde (SCH)","Grazed","3",2023-08-01,2023-09-01,"09","September","Autumn","five",0.384825558472698,0.925231715373854,0.0166036079449218,0.050845855787711,0.164727654824641,0.415516244091275,0.367097461665078,0.178786584710223,0.69757803005346,0.485247375491508
"279","Baltic Sea","SCH","Schleimnde (SCH)","Grazed","3",2023-09-01,2023-11-01,"11","November","Autumn","six",0.225432527325378,0.433829993184714,0.0207320975801886,0.0283015144353214,0.0343353328853656,0.295975244956865,0.239583855765333,0.114009062405108,0.390741377270088,0.277950290669509
"280","Baltic Sea","SCH","Schleimnde (SCH)","Grazed","3",2023-10-01,2023-12-01,"12","December","Winter","seven",0.718068389419847,0.993823636011578,0.0626302009150291,0.0693763624034045,0.171885653209241,0.807524975698886,0.965393281792244,0.477022946962036,0.894107858284292,0.99247562057238
"281","Baltic Sea","SCH","Schleimnde (SCH)","Grazed","4",2023-02-01,2023-04-01,"04","April","Spring","one",NA,NA,NA,NA,NA,NA,NA,NA,NA,NA
"282","Baltic Sea","SCH","Schleimnde (SCH)","Grazed","4",2023-04-01,2023-05-01,"05","May","Spring","two",NA,NA,NA,NA,NA,NA,NA,NA,NA,NA
"283","Baltic Sea","SCH","Schleimnde (SCH)","Grazed","4",2023-05-01,2023-06-01,"06","June","Summer","three",0.822930509302866,0.9888217116754,0.427807667743996,0.038174402894509,0.641344364494813,0.791273613297341,0.980725155837002,0.598344320489079,0.961727150202805,0.964168451496156
"284","Baltic Sea","SCH","Schleimnde (SCH)","Grazed","4",2023-06-01,2023-08-01,"08","August","Summer","four",0.839175223480628,0.991413090573207,0.376050635631505,0.0369036737503972,0.733010860774487,0.81581380567109,0.986335013201439,0.683638908697003,0.969070337215571,0.847182415324179
"285","Baltic Sea","SCH","Schleimnde (SCH)","Grazed","4",2023-08-01,2023-09-01,"09","September","Autumn","five",0.877857251607815,0.993734475215957,0.377685346655983,0.0340024446027096,0.635598494919025,0.890158928146715,0.988005888846252,0.796228348498305,0.968184015112633,0.988967834123963
"286","Baltic Sea","SCH","Schleimnde (SCH)","Grazed","4",2023-09-01,2023-11-01,"11","November","Autumn","six",0.857208398489368,0.992980100555316,0.160321283960772,0.0468181347268641,0.550997682358588,0.975778656029772,0.982515448781465,0.67978326281817,0.970642387070398,0.983532953877815
"287","Baltic Sea","SCH","Schleimnde (SCH)","Grazed","4",2023-10-01,2023-12-01,"12","December","Winter","seven",0.829839131114426,0.996241254403811,0.268026673972768,0.0565627478454813,0.409584739634221,0.984693141387293,0.987143676414016,0.640153369937802,0.96209652393338,0.995363335379843
"288","Baltic Sea","SCH","Schleimnde (SCH)","Grazed","5",2023-02-01,2023-04-01,"04","April","Spring","one",0.60580796121285,0.950487961560434,0.272359916365129,0.0421142309335118,0.810753841267561,0.726642719064243,0.435014878949957,0.752526495204218,0.459988070948401,0.449921761842719
"289","Baltic Sea","SCH","Schleimnde (SCH)","Grazed","5",2023-04-01,2023-05-01,"05","May","Spring","two",0.570248919680185,0.933524496429103,0.236700582621629,0.0433229725078943,0.631248293975873,0.841497956356295,0.322095246383423,0.585932621515365,0.384171712451393,0.65654768739876
"290","Baltic Sea","SCH","Schleimnde (SCH)","Grazed","5",2023-05-01,2023-06-01,"06","June","Summer","three",0.737581036353032,0.975500956576065,0.384143553611219,0.0288261778848638,0.631087060682883,0.72755497336139,0.725582121504332,0.705251632538924,0.736919412148529,0.899091017882134
"291","Baltic Sea","SCH","Schleimnde (SCH)","Grazed","5",2023-06-01,2023-08-01,"08","August","Summer","four",0.600058659008786,0.959277299501586,0.0924184750712063,0.0573467569473214,0.784260138649847,0.300592235839282,0.818166274622424,0.41836192605019,0.915854708192473,0.363116670698499
"292","Baltic Sea","SCH","Schleimnde (SCH)","Grazed","5",2023-08-01,2023-09-01,"09","September","Autumn","five",0.815462257810792,0.989562666915175,0.44057670015456,0.0317184187396791,0.782540559072624,0.888504726644539,0.781259018665977,0.841734497729609,0.932811716611062,0.66592302814094
"293","Baltic Sea","SCH","Schleimnde (SCH)","Grazed","5",2023-09-01,2023-11-01,"11","November","Autumn","six",0.778704669226826,0.991495711460772,0.438807294233613,0.0339961143690136,0.748621012221627,0.864999639342039,0.764284600151296,0.691875440587685,0.975465233771391,0.626982089286917
"294","Baltic Sea","SCH","Schleimnde (SCH)","Grazed","5",2023-10-01,2023-12-01,"12","December","Winter","seven",0.886799001777038,0.994697190797252,0.295940398961647,0.0365868406464351,0.52686458235497,0.961982378693958,0.981775553116417,0.904540840765803,0.956854230863676,0.988776424867405
