"","coast","site","site_full","treatment","transect.point","weight_fresh_c_mean","weight_fresh_c_se","weight_dry_c_mean","weight_dry_c_se","dry_bulk_density_g_cm3_mean","dry_bulk_density_g_cm3_se","vwc_mean","vwc_se","om_mean","om_se","om_prozent_mean","om_prozent_se","om.density_mean","om.density_se","c_oc_mean","c_oc_se","c_13c_oc_mean","c_13c_oc_se","n_oc_mean","n_oc_se","n_15n_oc_mean","n_15n_oc_se","c_total_mean","c_total_se","c_13c_total_mean","c_13c_total_se","n_total_mean","n_total_se","n_15n_total_mean","n_15n_total_se","c_ic_mean","c_ic_se","oc_carbon_density_mean","oc_carbon_density_se","oc_carbon_density_neu_mean","oc_carbon_density_neu_se","conductivity_mS.cm_mean","conductivity_mS.cm_se","conductivity_S.m_mean","conductivity_S.m_se","pH_mean","pH_se","weight_fresh_abm_mean","weight_fresh_abm_se","weight_dry_abm_mean","weight_dry_abm_se","weight_fresh_bbm_mean","weight_fresh_bbm_se","weight_dry_bbm_mean","weight_dry_bbm_se","abm_kg_m2_mean","abm_kg_m2_se","bbm_kg_m2_mean","bbm_kg_m2_se","bbm_oc_mean","bbm_oc_se","bbm_oc_storage_mean","bbm_oc_storage_se","bbm_13c_mean","bbm_13c_se","bbm_n_mean","bbm_n_se","bbm_15n_mean","bbm_15n_se","weight_fresh_c_1","weight_fresh_c_2","weight_fresh_c_3","weight_fresh_c_4","weight_fresh_c_5","weight_dry_c_1","weight_dry_c_2","weight_dry_c_3","weight_dry_c_4","weight_dry_c_5","dry_bulk_density_g_cm3_1","dry_bulk_density_g_cm3_2","dry_bulk_density_g_cm3_3","dry_bulk_density_g_cm3_4","dry_bulk_density_g_cm3_5","vwc_1","vwc_2","vwc_3","vwc_4","vwc_5","om_1","om_2","om_3","om_4","om_5","om_prozent_1","om_prozent_2","om_prozent_3","om_prozent_4","om_prozent_5","om.density_1","om.density_2","om.density_3","om.density_4","om.density_5","c_oc_1","c_oc_2","c_oc_3","c_oc_4","c_oc_5","c_13c_oc_1","c_13c_oc_2","c_13c_oc_3","c_13c_oc_4","c_13c_oc_5","n_oc_1","n_oc_2","n_oc_3","n_oc_4","n_oc_5","n_15n_oc_1","n_15n_oc_2","n_15n_oc_3","n_15n_oc_4","n_15n_oc_5","c_total_1","c_total_2","c_total_3","c_total_4","c_total_5","c_13c_total_1","c_13c_total_2","c_13c_total_3","c_13c_total_4","c_13c_total_5","n_total_1","n_total_2","n_total_3","n_total_4","n_total_5","n_15n_total_1","n_15n_total_2","n_15n_total_3","n_15n_total_4","n_15n_total_5","c_ic_1","c_ic_2","c_ic_3","c_ic_4","c_ic_5","oc_carbon_density_1","oc_carbon_density_2","oc_carbon_density_3","oc_carbon_density_4","oc_carbon_density_5","oc_carbon_density_neu_1","oc_carbon_density_neu_2","oc_carbon_density_neu_3","oc_carbon_density_neu_4","oc_carbon_density_neu_5","conductivity_mS.cm_1","conductivity_mS.cm_2","conductivity_mS.cm_3","conductivity_mS.cm_4","conductivity_mS.cm_5","conductivity_S.m_1","conductivity_S.m_2","conductivity_S.m_3","conductivity_S.m_4","conductivity_S.m_5","pH_1","pH_2","pH_3","pH_4","pH_5"
"1","Baltic Sea","HEI","Heiligenhafen (HEI)","Grazed","1",241.3826,31.6951636689259,199.5769,33.9400244775398,1.995769,0.339400244775398,0.3285879478,0.0136880687532939,7.5227029,1.8283812208702,5.7,2.91804729228297,0.075227029,0.018283812208702,3.07,1.68547718267953,-26.5366666666667,0.39252742296275,0.263333333333333,0.147459975737298,5.30666666666667,1.76980538792013,4.17,1.97575302100237,-26.5666666666667,0.402174644208763,0.343333333333333,0.186666666666667,8.71333333333333,0.71167252144352,1.1,0.361155552820849,3.86837011333333,1.08824341307182,0.038683701,0.0108824341653457,1.45833333333333,0.258788416364497,0.145833333333333,0.0258788416364497,5.59633333333333,0.093117011215877,139.299,0,16.5111,0,14.83253,0,2.970933,0,0.183456667,0,1.513465614,0,29.28,0,0.4431427317792,0,-28.55,0,1.43,0,5.97,0,133.6626,212.9626,255.9626,308.4626,295.8626,79.096,176.6307,221.3426,268.2126,252.6026,0.79096,1.766307,2.213426,2.682126,2.526026,0.322902577,0.301335959,0.299375019,0.349979451,0.369346733,13.44632,9.7146885,6.640278,4.023189,3.789039,17,5.5,3,1.5,1.5,0.1344632,0.097146885,0.06640278,0.04023189,0.03789039,6.32,6.11470588235294,2.22,1.78,0.67,-27.32,NA,-26.19,NA,-26.1,0.55,NA,0.18,NA,0.06,7.2,NA,6.95,NA,1.77,7.83,NA,3.63,NA,1.05,-27.37,NA,-26.13,NA,-26.2,0.69,NA,0.29,NA,0.05,7.53,NA,8.62,NA,9.99,1.51,NA,1.41,NA,0.38,4.9988672,NA,4.91380572,NA,1.69243742,0.049988672,NA,0.049138057,NA,0.016924374,1.276,NA,1.13,NA,1.969,0.1276,NA,0.113,NA,0.1969,5.541,NA,5.47,NA,5.778
"2","Baltic Sea","HEI","Heiligenhafen (HEI)","Grazed","2",183.8026,24.0891386313417,144.84992,29.9993264695293,1.4484992,0.299993264695293,0.2680048122,0.0253055379312081,10.5886906,1.19870129945948,11.6,5.66877411792003,0.105886906,0.0119870129945948,6.54,4.35258926770415,-27.47,0.445308881564246,0.57,0.38527046776691,7.93,0.333066559914581,8.68666666666667,3.43506590588562,-27.47,0.438216080642111,0.73,0.273191019862171,8.23666666666667,0.255690785476868,2.14666666666667,1.06914815520478,5.09566407,0.914521952249411,0.0509566406666667,0.00914521943728912,2.572,0.578028834344216,0.2572,0.0578028834344216,5.96766666666667,0.173167869742372,182.899,0,29.2654,0,43.13253,0,11.32223,0,0.325171111,0,5.767819664,0,22.54,0,1.3000665522656,0,-28.06,0,1.65,0,7.43,0,102.3626,163.5626,213.4626,196.4626,243.1626,43.3788,113.8368,178.8023,174.9591,213.2726,0.433788,1.138368,1.788023,1.749591,2.132726,0.249959112,0.346083148,0.290324458,0.191498688,0.262158655,14.748792,10.245312,8.0461035,11.3723415,8.530904,34,9,4.5,6.5,4,0.14748792,0.10245312,0.080461035,0.113723415,0.08530904,15.24,7.89411764705882,1.93,6.76902777777778,2.45,-28.34,NA,-26.87,NA,-27.2,1.34,NA,0.16,NA,0.21,8.41,NA,7.29,NA,8.09,15.45,NA,4.26,NA,6.35,-28.32,NA,-26.86,NA,-27.23,1.26,NA,0.35,NA,0.58,8.43,NA,7.73,NA,8.55,0.21,NA,2.33,NA,3.9,6.61092912,NA,3.45088439,NA,5.2251787,0.066109291,NA,0.034508844,NA,0.052251787,3.14,NA,1.416,NA,3.16,0.314,NA,0.1416,NA,0.316,6.303,NA,5.725,NA,5.875
"3","Baltic Sea","HEI","Heiligenhafen (HEI)","Grazed","3",142.7426,13.0011307200566,44.37392,6.98330106363745,0.4437392,0.0698330106363745,0.3024441164,0.0400042449813545,15.0637288,1.50441466410021,36.8,5.10294032886923,0.150637288,0.0150441466410021,15.1466666666667,3.79000586337864,-27.2766666666667,0.753266958727855,1.24333333333333,0.242234963986989,4.11333333333333,1.07842992869779,18.7533333333333,4.57588000036908,-27.3366666666667,0.764075330782974,1.47666666666667,0.278826907676509,4.2,1.11545207576719,3.60666666666667,0.804183505868599,5.24849585666667,0.579397207676472,0.0524849586666667,0.0057939721993438,17.7,2.02948269270768,1.77,0.202948269270768,5.83966666666667,0.290725720300844,127.899,0,16.1368,0,137.0325,0,18.91293,0,0.179297778,0,9.634707081,0,40.83,0,3.9338509011723,0,-28.69,0,2.02,0,5.61,0,94.4626,158.0626,166.9626,156.8626,137.3626,19.6828,46.6413,59.4589,55.3252,40.7614,0.196828,0.466413,0.594589,0.553252,0.407614,0.155815725,0.328783297,0.382843328,0.358120863,0.286657369,10.82554,19.122933,17.243081,15.491056,12.636034,55,41,29,28,31,0.1082554,0.19122933,0.17243081,0.15491056,0.12636034,22.69,32.0843636363636,10.73,21.2167741935484,12.02,-28.78,NA,-26.61,NA,-26.44,1.72,NA,0.93,NA,1.08,6.27,NA,3.06,NA,3.01,27.89,NA,13.73,NA,14.64,-28.86,NA,-26.68,NA,-26.47,2.03,NA,1.14,NA,1.26,6.43,NA,3.03,NA,3.14,5.2,NA,3,NA,2.62,4.46602732,NA,6.37993997,NA,4.89952028,0.044660273,NA,0.0637994,NA,0.048995203,21.1,NA,14.08,NA,17.92,2.11,NA,1.408,NA,1.792,6.339,NA,5.332,NA,5.848
"4","Baltic Sea","HEI","Heiligenhafen (HEI)","Grazed","4",170.0426,31.1760709519336,127.62528,34.922236406098,1.2762528,0.349222364060981,0.2710004242,0.0396450947587621,7.9074921,1.23021498927308,15.3,9.46519941681104,0.079074921,0.0123021498927308,8.67666666666667,6.84342100934256,-27.8566666666667,0.375470075742099,0.656666666666667,0.502305794423189,5.48666666666667,1.10788587458777,9.70666666666667,6.69955802854023,-27.7733333333333,0.349777707186213,0.693333333333333,0.439785301153996,6.93666666666667,0.325849317595998,1.03,0.145716619962629,3.2266371,1.18807383452423,0.032266371,0.0118807383452423,4.93166666666667,2.93380630656566,0.493166666666667,0.293380630656566,5.659,0.0337194306001747,192.199,0,29.4684,0,38.13253,0,5.395633,0,0.327426667,0,2.748666836,0,37.48,0,1.0302003301328,0,-28.24,0,1.57,0,5.85,0,64.6626,140.9626,183.9626,234.1626,226.4626,19.2275,82.4764,136.062,201.4305,198.93,0.192275,0.824764,1.36062,2.014305,1.9893,0.135101803,0.342199365,0.354281329,0.28156688,0.241852744,10.0944375,9.897168,9.52434,6.042915,3.9786,52.5,12,7,3,2,0.100944375,0.09897168,0.0952434,0.06042915,0.039786,22.26,10.8137142857143,3.34,2.07642857142857,0.43,-28.59,NA,-27.35,NA,-27.63,1.65,NA,0.29,NA,0.03,6.27,NA,6.89,NA,3.3,23.01,NA,4.44,NA,1.67,-28.47,NA,-27.37,NA,-27.48,1.56,NA,0.39,NA,0.13,6.29,NA,7.19,NA,7.33,0.75,NA,1.1,NA,1.24,4.2800415,NA,4.5444708,NA,0.855399,0.042800415,NA,0.045444708,NA,0.00855399,10.72,NA,2.87,NA,1.205,1.072,NA,0.287,NA,0.1205,5.638,NA,5.614,NA,5.725
"5","Baltic Sea","HEI","Heiligenhafen (HEI)","Grazed","5",198.4626,35.6702957655246,145.41386,37.9323716650383,1.4541386,0.379323716650383,0.3419179302,0.0453542435452018,8.0898988,1.90116342042277,13.9,9.50973185741848,0.080898988,0.0190116342042277,9.63333333333333,7.60518317406695,-28,0.352467492590924,0.65,0.494098505698341,5.87666666666667,0.289904198735452,13.19,8.14196741170912,-28.05,0.411865673895426,0.876666666666667,0.487043233308,5.82333333333333,0.499877762835853,3.55666666666667,0.537442503384729,5.05363062666667,1.99001089063461,0.0505363063333333,0.0199001089967403,4.02566666666667,2.08979555087201,0.402566666666667,0.208979555087201,5.533,0.0505074251966974,143.099,0,15.4683,0,80.73253,0,9.634833,0,0.17187,0,4.908218543,0,43.75,0,2.1473456125625,0,-28.41,0,1.26,0,4.05,0,84.9626,169.6626,256.3626,289.7626,191.5626,27.9527,97.0568,207.6443,238.4626,155.9529,0.279527,0.970568,2.076443,2.384626,1.559529,0.187562602,0.415347084,0.394600355,0.42217772,0.28990189,14.3956405,9.70568,7.2675505,5.961565,3.119058,51.5,10,3.5,2.5,2,0.143956405,0.0970568,0.072675505,0.05961565,0.03119058,24.76,14.6649098474341,3.45,3.32678571428571,0.69,-28.69,NA,-27.53,NA,-27.78,1.63,NA,0.27,NA,0.05,5.45,NA,6.43,NA,5.75,29.39,NA,6.52,NA,3.66,-28.85,NA,-27.48,NA,-27.82,1.84,NA,0.52,NA,0.27,5.15,NA,6.8,NA,5.52,4.63,NA,3.07,NA,2.97,6.92108852,NA,7.16372835,NA,1.07607501,0.069210885,NA,0.071637284,NA,0.01076075,8.2,NA,1.757,NA,2.12,0.82,NA,0.1757,NA,0.212,5.582,NA,5.432,NA,5.585
"6","Baltic Sea","HEI","Heiligenhafen (HEI)","Not grazed","1",227.1026,22.9676424562905,153.67982,24.3135319991851,1.5367982,0.243135319991851,0.4793953612,0.0297187816629261,3.6300293,0.959885426234683,3.1,1.24899959967968,0.036300293,0.00959885426234684,1.06,0.558241285944826,-23.19,1.99276190248609,0.0966666666666667,0.0491030662088541,-0.596666666666667,3.65415896996529,1.30666666666667,0.55696598739161,-18.94,3.47033619889101,0.08,0.0568624070307733,4.61666666666667,0.366666666666667,0.246666666666667,0.316298031047372,1.00760040333333,0.452215283222035,0.0100760043333333,0.00452215278985766,3.84466666666667,1.06797399052807,0.384466666666667,0.106797399052807,7.44866666666667,0.127768453766091,176.399,0,28.1727,0,57.03253,0,7.240233,0,0.31303,0,3.688350993,0,36.9,0,1.361001516417,0,-28.42,0,1.71,0,2.62,0,164.3626,242.4626,271.8626,275.1626,181.6626,81.5123,172.3035,209.4026,192.3431,112.8376,0.815123,1.723035,2.094026,1.923431,1.128376,0.41087927,0.498578275,0.481099143,0.578921677,0.427498441,5.705861,0.8615175,2.094026,3.846862,5.64188,7,0.5,1,2,5,0.05705861,0.008615175,0.02094026,0.03846862,0.0564188,1.99,0.172142857142857,0.06,0.572,1.13,-26.7,NA,-23.07,NA,-19.8,0.18,NA,0.01,NA,0.1,4.38,NA,-7.72,NA,1.55,1.75,NA,0.2,NA,1.97,-25.83,NA,-14.77,NA,-16.22,0.16,NA,-0.03,NA,0.11,4.25,NA,4.25,NA,5.35,-0.24,NA,0.14,NA,0.84,1.62209477,NA,0.12564156,NA,1.27506488,0.016220948,NA,0.001256416,NA,0.012750649,5.04,NA,1.714,NA,4.78,0.504,NA,0.1714,NA,0.478,7.198,NA,7.617,NA,7.531
"7","Baltic Sea","HEI","Heiligenhafen (HEI)","Not grazed","2",225.0226,25.1962417832501,158.57812,26.7308403027552,1.5857812,0.267308403027552,0.4450130024,0.0308608168372112,5.5672109,2.8515440122324,5.3,3.16464847968933,0.055672109,0.028515440122324,3.19,1.90659382145228,-25.4733333333333,1.53532117523048,0.27,0.162890556304942,1.46333333333333,2.50241438970003,3.11,1.90984292547843,-23.4133333333333,2.69222543219876,0.23,0.173877351409933,6.69,1.64199066176801,-0.08,0.23259406699226,3.05387401333333,1.79641433431569,0.03053874,0.0179641432198994,2.71366666666667,1.47988246530294,0.271366666666667,0.147988246530294,6.968,0.11781482645802,990.6958,0,289.1052,0,35.43253,0,5.167433,0,3.21228,0,2.6324162,0,37.74,0,0.99347387388,0,-27.82,0,1.81,0,1.23,0,144.7626,242.9626,267.0626,279.6626,190.6626,92.1345,187.3066,206.6567,211.2126,95.5802,0.921345,1.873066,2.066567,2.112126,0.955802,0.33495279,0.429067524,0.467429133,0.516962314,0.476653251,6.449415,0.936533,1.0332835,3.168189,16.248634,7,0.5,0.5,1.5,17,0.06449415,0.00936533,0.010332835,0.03168189,0.16248634,2.8,0.3,0.1,0.888529411764706,6.67,-27.45,NA,-22.45,NA,-26.52,0.23,NA,0.01,NA,0.57,3.2,NA,-3.47,NA,4.66,2.26,NA,0.31,NA,6.76,-26.01,NA,-18.03,NA,-26.2,0.16,NA,-0.03,NA,0.56,5.19,NA,9.97,NA,4.91,-0.54,NA,0.21,NA,0.09,2.579766,NA,0.2066567,NA,6.37519934,0.02579766,NA,0.002066567,NA,0.063751993,0.818,NA,1.693,NA,5.63,0.0818,NA,0.1693,NA,0.563,6.753,NA,7.159,NA,6.992
"8","Baltic Sea","HEI","Heiligenhafen (HEI)","Not grazed","3",203.3026,12.894867195904,120.11722,14.3424901027471,1.2011722,0.143424901027471,0.4734446382,0.0284243041956698,12.2485662,2.75945357010493,11.4,3.2649655434629,0.122485662,0.0275945357010493,4.22666666666667,1.04394018560026,-26.6,1.11301392623812,0.363333333333333,0.101050042608161,5.17666666666667,0.378608563617418,3.97333333333333,1.38275489914558,-26.4066666666667,1.00721287609809,0.32,0.135769412362775,6.37333333333333,0.219266453835916,-0.253333333333333,0.349157716671293,4.76307082,1.12840108706061,0.0476307086666667,0.0112840109039139,3.75833333333333,1.00704325185719,0.375833333333333,0.100704325185719,6.807,0.142010562987406,348.2969,0,105.9791,0,21.03253,0,3.135733,0,1.177545556,0,1.597418747,0,38.84,0,0.6204374413348,0,-28.05,0,1.77,0,2.86,0,169.2626,232.6626,231.8626,201.4626,181.2626,106.2711,169.868,133.6577,90.8378,99.9515,1.062711,1.69868,1.336577,0.908378,0.999515,0.395490557,0.45846617,0.566104282,0.498797963,0.448364219,6.376266,5.09604,14.702347,19.075938,15.99224,6,3,11,21,16,0.06376266,0.0509604,0.14702347,0.19075938,0.1599224,2.36,2.36636363636364,4.35,16.1401704545455,5.97,-28.78,NA,-25.12,NA,-25.9,0.19,NA,0.36,NA,0.54,4.42,NA,5.53,NA,5.58,1.42,NA,4.33,NA,6.17,-28.34,NA,-24.95,NA,-25.93,0.08,NA,0.33,NA,0.55,6.81,NA,6.12,NA,6.19,-0.94,NA,-0.02,NA,0.2,2.50799796,NA,5.81410995,NA,5.96710455,0.02507998,NA,0.0581411,NA,0.059671046,1.755,NA,4.94,NA,4.58,0.1755,NA,0.494,NA,0.458,6.946,NA,6.952,NA,6.523
"9","Baltic Sea","HEI","Heiligenhafen (HEI)","Not grazed","4",222.9226,16.4184834866074,144.97506,17.3763841246849,1.4497506,0.173763841246849,0.4882838542,0.0349687135662814,6.9141837,2.65164765894232,5.8,2.58166612868512,0.069141837,0.0265164765894232,1.66666666666667,0.778038845074232,-24.4633333333333,2.03447235856813,0.12,0.055075705472861,3.65666666666667,0.867685298813906,1.92333333333333,0.754129372926894,-22.74,2.23365918020931,0.0966666666666667,0.0606446846622008,5.33666666666667,1.08666666666667,0.256666666666667,0.12440971737681,2.07468967,0.794503072438531,0.0207468966666667,0.00794503071632664,4.22566666666667,1.18085369307313,0.422566666666667,0.118085369307313,7.27833333333333,0.136667886173421,490.5969,0,127.3062,0,50.43253,0,6.587133,0,1.414513333,0,3.35564595,0,43.26,0,1.45165243797,0,-27.89,0,1.78,0,1.82,0,214.3626,268.5626,243.7626,217.6626,170.2626,157.0293,201.3858,149.8134,109.0981,107.5487,1.570293,2.013858,1.498134,1.090981,1.075487,0.419989679,0.503735576,0.577399859,0.54415323,0.396140927,3.140586,1.006929,5.992536,16.364715,8.0661525,2,0.5,4,15,7.5,0.03140586,0.01006929,0.05992536,0.16364715,0.080661525,0.37,0.28875,1.57,12.0075,3.06,-26.31,NA,-20.4,NA,-26.68,0.03,NA,0.11,NA,0.22,5.26,NA,3.43,NA,2.28,0.55,NA,2.07,NA,3.15,-23.18,NA,-18.67,NA,-26.37,-0.01,NA,0.1,NA,0.2,7.51,NA,4.25,NA,4.25,0.18,NA,0.5,NA,0.09,0.58100841,NA,2.35207038,NA,3.29099022,0.005810084,NA,0.023520704,NA,0.032909902,1.887,NA,5.11,NA,5.68,0.1887,NA,0.511,NA,0.568,7.5,NA,7.306,NA,7.029
"10","Baltic Sea","HEI","Heiligenhafen (HEI)","Not grazed","5",214.9226,25.191439022017,161.94004,32.3435497715789,1.6194004,0.323435497715789,0.3541842092,0.0244712891806806,9.4859999,2.19349715304749,9,4.02492235949962,0.094859999,0.0219349715304749,4.72333333333333,2.81528171079043,-27.0733333333333,0.189062012166497,0.43,0.274651294068194,4.79333333333333,0.848338244910471,6.83333333333333,2.7200878253795,-27.1,0.224796204001164,0.596666666666667,0.266916549588901,6.73,0.932577074562741,2.11,1.03466580755978,4.58242712,1.97259840731813,0.045824271,0.0197259841874985,3.76333333333333,0.983536702133908,0.376333333333333,0.0983536702133908,5.80266666666667,0.176761924004515,234.0979,0,44.0305,0,27.13253,0,3.313233,0,0.489227778,0,1.687841569,0,29.85,0,0.5038207083465,0,-27.41,0,1.59,0,3.49,0,126.0626,191.1626,252.7626,250.9626,253.6626,51.2314,125.0291,207.7545,216.1726,209.5126,0.512314,1.250291,2.077545,2.161726,2.095126,0.304111381,0.432543394,0.369937456,0.299671933,0.364656882,12.039379,14.3783465,12.46527,5.404315,3.142689,23.5,11.5,6,2.5,1.5,0.12039379,0.143783465,0.1246527,0.05404315,0.03142689,10.03,11.9999645390071,3.7,2.275,0.44,-27.44,NA,-26.81,NA,-26.97,0.96,NA,0.29,NA,0.04,5.03,NA,6.13,NA,3.22,10.94,NA,7.87,NA,1.69,-27.54,NA,-26.8,NA,-26.96,1.03,NA,0.65,NA,0.11,5.02,NA,6.94,NA,8.23,0.91,NA,4.17,NA,1.25,5.13850942,NA,7.6869165,NA,0.92185544,0.051385094,NA,0.076869165,NA,0.009218554,5.72,NA,2.96,NA,2.61,0.572,NA,0.296,NA,0.261,6.131,NA,5.525,NA,5.752
"11","North Sea","MET","Mettgrund (MET)","Grazed","1",185.0826,9.78904489723078,109.62428,7.10672297063844,1.0962428,0.0710672297063843,0.446424103,0.0213174307218516,11.1921967,0.376177969337706,10.3,0.374165738677394,0.111921967,0.00376177969337706,1.99,0.265769323537035,-24.4333333333333,0.57597260737334,0.193333333333333,0.0284800124843918,9.31,0.0916515138991164,3.06666666666667,0.362230742912734,-20.2866666666667,1.00708048889407,0.236666666666667,0.0317979733805649,9.42333333333333,0.354698620114473,1.07666666666667,0.104774890970011,2.0971267,0.199295174114655,0.020971267,0.00199295173349114,5.2,1.50586630659343,0.52,0.150586630659343,7.68566666666667,0.00606446846622006,96.69896,0,13.3638,0,12.13253,0,1.528233,0,0.148486667,0,0.778519103,0,35.95,0,0.2798776175285,0,-27.74,0,1.28,0,8.66,0,157.4626,180.1626,211.7626,202.1626,173.8626,92.0186,102.9241,129.1533,123.4684,100.557,0.920186,1.029241,1.291533,1.234684,1.00557,0.382444165,0.441251575,0.503831352,0.480615453,0.42397797,10.122046,10.8070305,11.623797,12.34684,11.06127,11,10.5,9,10,11,0.10122046,0.108070305,0.11623797,0.1234684,0.1106127,2.52,4.45878787878788,1.76,3.49191919191919,1.69,-24.35,NA,-25.47,NA,-23.48,0.25,NA,0.16,NA,0.17,9.43,NA,9.37,NA,9.13,3.79,NA,2.67,NA,2.74,-20.94,NA,-21.61,NA,-18.31,0.3,NA,0.21,NA,0.2,9.9,NA,9.64,NA,8.73,1.27,NA,0.91,NA,1.05,2.31886872,NA,2.27309808,NA,1.6994133,0.023188687,NA,0.022730981,NA,0.016994133,3.47,NA,3.93,NA,8.2,0.347,NA,0.393,NA,0.82,7.686,NA,7.675,NA,7.696
"12","North Sea","MET","Mettgrund (MET)","Grazed","2",184.4826,6.31295493410178,108.11544,3.71886913639079,1.0811544,0.0371886913639079,0.4468954296,0.0163909691462345,10.7614005,0.231804376818741,10,0.387298334620742,0.107614005,0.00231804376818741,2,0.153079500042734,-24.8866666666667,0.633570131170268,0.196666666666667,0.0133333333333333,9.39,0.147309198626562,3.1,0.163707055437449,-20.6533333333333,1.39969441109281,0.236666666666667,0.0240370085030933,9.49333333333333,0.296104335965851,1.1,0.119303534454489,2.14796702,0.141302276128721,0.02147967,0.00141302291403372,4.52666666666667,1.79898428132223,0.452666666666667,0.179898428132223,7.663,0.0841090561909556,172.299,0,21.5775,0,11.83253,0,1.770133,0,0.23975,0,0.901748854,0,35.19,0,0.3173254217226,0,-27.99,0,1.29,0,7.92,0,167.3626,171.8626,189.0626,198.9626,195.1626,103.1707,98.1643,106.8697,119.4494,112.9231,1.031707,0.981643,1.068697,1.194494,1.129231,0.395711064,0.420949179,0.464604346,0.477366301,0.475846258,10.8329235,10.3072515,11.2213185,10.153199,11.29231,10.5,10.5,10.5,8.5,10,0.108329235,0.103072515,0.112213185,0.10153199,0.1129231,1.99,4.26,2.27,3.31661904761905,1.74,-24.17,NA,-26.15,NA,-24.34,0.21,NA,0.21,NA,0.17,9.14,NA,9.65,NA,9.38,3.32,NA,3.2,NA,2.78,-18.71,NA,-23.37,NA,-19.88,0.25,NA,0.27,NA,0.19,9.27,NA,9.13,NA,10.08,1.33,NA,0.93,NA,1.04,2.05309693,NA,2.42594219,NA,1.96486194,0.020530969,NA,0.024259422,NA,0.019648619,1.1,NA,7.19,NA,5.29,0.11,NA,0.719,NA,0.529,7.792,NA,7.505,NA,7.692
"13","North Sea","MET","Mettgrund (MET)","Grazed","3",180.8226,5.42352284036861,102.27104,3.30286356433323,1.0227104,0.0330286356433323,0.4440212612,0.0133143994873571,11.2993536,0.0287870641440733,11.1,0.4,0.112993536,0.000287870641440735,2.12333333333333,0.235112266327765,-24.6866666666667,0.511511920139155,0.22,0.0251661147842358,9.17333333333333,0.285909853702954,3.40666666666667,0.50194067821252,-21.1966666666667,0.201190898844301,0.276666666666667,0.0417665469538056,9.87,0.391705671816651,1.28333333333333,0.268224615657185,2.08594044666667,0.156911198453632,0.0208594046666667,0.00156911192782864,5.115,1.83592165773307,0.5115,0.183592165773307,7.67233333333333,0.0735058576652982,245.499,0,35.838,0,10.43253,0,1.207133,0,0.3982,0,0.614942944,0,44.1,0,0.271189838304,0,-28.33,0,1.88,0,8.51,0,161.7626,183.2626,193.6626,187.5626,177.8626,90.969,107.5499,107.6884,106.6387,98.5092,0.90969,1.075499,1.076884,1.066387,0.985092,0.398115695,0.444329247,0.4780698,0.460092763,0.439498801,11.371125,11.2927395,11.307282,11.1970635,11.328558,12.5,10.5,10.5,10.5,11.5,0.11371125,0.112927395,0.11307282,0.111970635,0.11328558,2.59,4.1156,1.94,3.62,1.84,-25.46,NA,-24.88,NA,-23.72,0.27,NA,0.2,NA,0.19,9.37,NA,9.54,NA,8.61,4.39,NA,3.09,NA,2.74,-21.14,NA,-21.57,NA,-20.88,0.36,NA,0.24,NA,0.23,10.13,NA,10.38,NA,9.1,1.8,NA,1.15,NA,0.9,2.3560971,NA,2.08915496,NA,1.81256928,0.023560971,NA,0.02089155,NA,0.018125693,1.595,NA,5.97,NA,7.78,0.1595,NA,0.597,NA,0.778,7.813,NA,7.639,NA,7.565
"14","North Sea","MET","Mettgrund (MET)","Grazed","4",202.8026,10.3899759383744,109.62804,7.14132635681916,1.0962804,0.0714132635681916,0.5031196448,0.024489031748318,12.8329501,0.54495842430268,11.8,0.463680924774785,0.128329501,0.0054495842430268,2.26666666666667,0.310179159698248,-24.81,0.285014619508076,0.216666666666667,0.0272845092395748,9.25666666666667,0.130426650310093,3.46333333333333,0.380803244617363,-20.7333333333333,1.03029661317075,0.246666666666667,0.0384418753155693,9.96666666666667,0.112150692275071,1.19666666666667,0.129786148892879,2.34997187333333,0.144515222131859,0.0234997186666667,0.00144515224576067,8.69666666666667,1.81318626854619,0.869666666666667,0.181318626854619,7.737,0.0254230866208909,207.399,0,21.8582,0,15.83253,0,3.024433,0,0.242868889,0,1.540719817,0,25.83,0,0.3979679287311,0,-27.47,0,1.14,0,8.82,0,175.6626,204.2626,230.8626,219.3626,183.8626,92.5114,110.0304,131.2181,118.3439,96.0364,0.925114,1.100304,1.312181,1.183439,0.960364,0.437909602,0.507601815,0.566361202,0.544985651,0.458739954,12.026482,13.7538,14.433991,12.4261095,11.524368,13,12.5,11,10.5,12,0.12026482,0.137538,0.14433991,0.124261095,0.11524368,2.83,4.72115384615385,1.76,3.61375,2.21,-25.38,NA,-24.53,NA,-24.52,0.27,NA,0.18,NA,0.2,9.02,NA,9.47,NA,9.28,4.22,NA,3.01,NA,3.16,-22.12,NA,-18.72,NA,-21.36,0.32,NA,0.19,NA,0.23,9.8,NA,10.18,NA,9.92,1.39,NA,1.25,NA,0.95,2.61807262,NA,2.30943856,NA,2.12240444,0.026180726,NA,0.023094386,NA,0.021224044,5.59,NA,8.63,NA,11.87,0.559,NA,0.863,NA,1.187,7.754,NA,7.77,NA,7.687
"15","North Sea","MET","Mettgrund (MET)","Grazed","5",190.5026,12.6339859110259,105.968426,7.57157126466337,1.05968426,0.0757157126466337,0.4699783864,0.0306698582412237,12.81501774,0.755266538372505,12.2,0.604152298679729,0.1281501774,0.00755266538372506,2.38333333333333,0.364980973628915,-24.8066666666667,0.241683907430989,0.233333333333333,0.0338296385503074,9.34,0.175023807904334,3.51333333333333,0.460953118850255,-20.7866666666667,0.376843616253627,0.27,0.0472581562625261,9.40666666666667,0.242578738648803,1.13,0.0960902353693305,2.29448135433333,0.139572443747016,0.0229448133333333,0.00139572434346057,6.72333333333333,1.09836747544304,0.672333333333333,0.109836747544304,7.74266666666667,0.0258349461862115,266.299,0,28.1859,0,15.73253,0,2.645333,0,0.313176667,0,1.347597045,0,27.44,0,0.369780629148,0,-27.35,0,1.13,0,8.69,0,146.9626,188.0626,210.1626,220.3626,186.9626,79.63593,107.2926,114.7373,125.1033,103.073,0.7963593,1.072926,1.147373,1.251033,1.03073,0.36482901,0.460805248,0.520970014,0.540801968,0.462485692,11.1490302,13.948038,13.768476,14.3868795,10.822665,14,13,12,11.5,10.5,0.111490302,0.13948038,0.13768476,0.143868795,0.10822665,3.11,5.14119047619048,2.08,4.14,1.96,-25.29,NA,-24.57,NA,-24.56,0.3,NA,0.21,NA,0.19,9.17,NA,9.69,NA,9.16,4.43,NA,3.14,NA,2.97,-21.54,NA,-20.39,NA,-20.43,0.36,NA,0.25,NA,0.2,9.42,NA,8.98,NA,9.82,1.32,NA,1.06,NA,1.01,2.476677423,NA,2.38653584,NA,2.0202308,0.024766774,NA,0.023865358,NA,0.020202308,4.69,NA,7.02,NA,8.46,0.469,NA,0.702,NA,0.846,7.769,NA,7.768,NA,7.691
"16","North Sea","MET","Mettgrund (MET)","Not grazed","0.1",176.6026,29.8622269765669,113.6264,24.2522843289452,1.136264,0.242522843289452,0.3959276332,0.0585847104784672,5.6311023,0.764145244847349,5.6,0.871779788708135,0.056311023,0.00764145244847349,0.86,0.401497197997695,-22.65,0.425088226136645,0.0866666666666667,0.0417665469538056,7.79,0.334065861769801,1.96666666666667,0.552941628424235,-12.3666666666667,1.54441286938147,0.09,0.0472581562625261,10.6733333333333,1.79241302283945,1.10666666666667,0.151694136706437,0.6790811,0.0834586815690423,0.006790811,0.000834586763663511,6.04666666666667,0.107134391199921,0.604666666666667,0.0107134391199921,7.74866666666667,0.0426471309442706,497.9979,0,86.8971,0,33.83253,0,5.830433,0,0.965523333,0,2.970164544,0,26.52,0,0.7876876370688,0,-15.95,0,0.82,0,10.3,0,87.4626,130.2626,189.9626,244.9626,230.3626,41.4733,72.3273,132.5167,164.3686,157.4461,0.414733,0.723273,1.325167,1.643686,1.574461,0.218073558,0.321681267,0.40073894,0.540781448,0.498362953,3.732597,3.9780015,5.9632515,7.396587,7.0850745,9,5.5,4.5,4.5,4.5,0.03732597,0.039780015,0.059632515,0.07396587,0.070850745,1.66,1.50333333333333,0.4,0.92,0.52,-21.94,NA,-22.6,NA,-23.41,0.17,NA,0.04,NA,0.05,8.45,NA,7.37,NA,7.55,3.07,NA,1.35,NA,1.48,-15.37,NA,-10.24,NA,-11.49,0.18,NA,0.02,NA,0.07,10.14,NA,14.01,NA,7.87,1.41,NA,0.95,NA,0.96,0.68845678,NA,0.5300668,NA,0.81871972,0.006884568,NA,0.005300668,NA,0.008187197,5.87,NA,6.24,NA,6.03,0.587,NA,0.624,NA,0.603,7.813,NA,7.668,NA,7.765
"17","North Sea","MET","Mettgrund (MET)","Not grazed","0.2",182.3226,3.51704421354068,97.44734,2.39426314230495,0.9744734,0.0239426314230495,0.4532141608,0.00880880111422972,9.6683958,0.843404541333704,10,1,0.096683958,0.00843404541333703,1.8,0.219620885467055,-23.3,0.44286943147313,0.176666666666667,0.0202758751009941,9.17333333333333,0.190991564677023,3.14666666666667,0.272784000834197,-16.9666666666667,0.781927817072082,0.193333333333333,0.0233333333333333,10.2166666666667,0.192296068024746,1.34666666666667,0.0762306441735285,1.70300033666667,0.210451934709735,0.0170300033333333,0.00210451926622213,7.45,1.52952062206867,0.745,0.152952062206867,7.82966666666667,0.0153441990486451,677.8979,0,92.1,0,18.13253,0,2.139633,0,1.023333333,0,1.089981151,0,40.58,0,0.4423143510758,0,-22.1,0,2.14,0,10,0,173.1626,180.6626,180.4626,194.8626,182.4626,95.8843,96.9223,92.0351,106.4182,95.9768,0.958843,0.969223,0.920351,1.064182,0.959768,0.42790855,0.449251947,0.450976203,0.483011817,0.454922287,10.0678515,12.1152875,10.123861,6.917183,9.117796,10.5,12.5,11,6.5,9.5,0.100678515,0.121152875,0.10123861,0.06917183,0.09117796,2.17,4.65151515151515,1.82,2.04019138755981,1.41,-24.12,NA,-23.18,NA,-22.6,0.21,NA,0.18,NA,0.14,9.43,NA,8.8,NA,9.29,3.66,NA,3.05,NA,2.73,-18.17,NA,-17.23,NA,-15.5,0.23,NA,0.2,NA,0.15,10.11,NA,9.95,NA,10.59,1.49,NA,1.23,NA,1.32,2.08068931,NA,1.67503882,NA,1.35327288,0.020806893,NA,0.016750388,NA,0.013532729,5.08,NA,6.96,NA,10.31,0.508,NA,0.696,NA,1.031,7.846,NA,7.799,NA,7.844
"18","North Sea","MET","Mettgrund (MET)","Not grazed","1",173.5626,10.3262287404454,93.66826,7.39299405630763,0.9366826,0.0739299405630763,0.430271755,0.024439187947303,10.2379535,0.343300730847241,11.2,0.902773504263389,0.102379535,0.00343300730847241,2.28,0.40153870714208,-24.02,0.382143079661705,0.22,0.0435889894354067,9.29666666666667,0.188532343231724,3.54666666666667,0.691528098569473,-20.1333333333333,0.562178303071583,0.263333333333333,0.0581186525805423,10,0.419682419614324,1.26666666666667,0.291680952031115,1.98150706333333,0.0584407751549556,0.0198150706666667,0.000584407839447,6.17,0.864812118323975,0.617,0.0864812118323974,7.73433333333333,0.0404488703317052,724.7969,0,181.4302,0,32.93253,0,6.647533,0,2.015891111,0,3.386415181,0,29.76,0,1.0077971578656,0,-25.75,0,1.15,0,9.37,0,136.4626,168.9626,177.5626,190.3626,194.4626,68.2314,89.5242,94.5121,105.2711,110.8025,0.682314,0.895242,0.945121,1.052711,1.108025,0.3411565,0.420901383,0.442056895,0.470558597,0.4766854,9.552396,10.295283,11.341452,9.474399,10.5262375,14,11.5,12,9,9.5,0.09552396,0.10295283,0.11341452,0.09474399,0.105262375,3.07,4.44803571428571,2.01,3.17486842105263,1.76,-24.33,NA,-23.26,NA,-24.47,0.3,NA,0.21,NA,0.15,9.47,NA,9.5,NA,8.92,4.89,NA,3.16,NA,2.59,-21.22,NA,-19.84,NA,-19.34,0.37,NA,0.25,NA,0.17,9.2,NA,10.18,NA,10.62,1.82,NA,1.15,NA,0.83,2.09470398,NA,1.89969321,NA,1.950124,0.02094704,NA,0.018996932,NA,0.01950124,4.46,NA,6.8,NA,7.25,0.446,NA,0.68,NA,0.725,7.806,NA,7.666,NA,7.731
"19","North Sea","MET","Mettgrund (MET)","Not grazed","2",154.7026,19.9479723280337,70.2146,11.5440775333068,0.702146,0.115440775333069,0.3806217164,0.0520380911953594,8.6290479,0.813113984989288,13.2,1.40178457688762,0.086290479,0.00813113984989288,2.88666666666667,0.602835890695893,-22.9066666666667,0.510957706447195,0.273333333333333,0.0536449231314369,9.48666666666667,0.251152897211594,3.95,0.735277725307474,-20.56,0.361985266735172,0.313333333333333,0.0683942817622773,9.85333333333333,0.159408629349578,1.06333333333333,0.134453626867325,1.73413356333333,0.219057404623237,0.0173413356666667,0.00219057424458682,9.11,1.1254480589229,0.911,0.11254480589229,7.60833333333333,0.0295766424358442,662.6979,0,129.3292,0,22.33253,0,3.250433,0,1.436991111,0,1.65584972,0,38.7,0,0.64081384164,0,-21.48,0,1.4,0,10.23,0,83.9626,136.7626,185.3626,185.8626,181.5626,31.7606,56.1138,81.1679,92.1232,89.9075,0.317606,0.561138,0.811679,0.921232,0.899075,0.197464924,0.330902647,0.456255199,0.464621365,0.453864447,5.716908,8.136501,9.740148,9.21232,10.3393625,18,14.5,12,10,11.5,0.05716908,0.08136501,0.09740148,0.0921232,0.103393625,4.09,6.13430555555555,2.35,3.88876811594203,2.22,-22.02,NA,-22.91,NA,-23.79,0.38,NA,0.23,NA,0.21,9.92,NA,9.49,NA,9.05,5.42,NA,3.25,NA,3.18,-20.05,NA,-20.37,NA,-21.26,0.45,NA,0.25,NA,0.24,10.09,NA,9.92,NA,9.55,1.33,NA,0.9,NA,0.96,1.29900854,NA,1.90744565,NA,1.9959465,0.012990085,NA,0.019074457,NA,0.019959465,8.26,NA,11.34,NA,7.73,0.826,NA,1.134,NA,0.773,7.629,NA,7.55,NA,7.646
"20","North Sea","MET","Mettgrund (MET)","Not grazed","3",191.1626,17.7332174181675,106.33834,12.5788704991187,1.0633834,0.125788704991187,0.4686635844,0.0420108627094491,11.396878,0.287268813799201,11.4,1.5116216457831,0.11396878,0.00287268813799201,2.35666666666667,0.661622584593697,-24.64,0.312409987036267,0.23,0.0702376916856849,9.37666666666667,0.297340059714649,3.49666666666667,0.838656332739725,-20.8266666666667,0.907768937805455,0.266666666666667,0.0821245666316995,9.48333333333333,0.245786718744344,1.14,0.181475434517549,2.15574836,0.129450338523604,0.0215574833333333,0.00129450329478573,5.79,1.50442680114388,0.579,0.150442680114388,7.735,0.024110855093367,469.5979,0,103.713,0,17.73253,0,2.862733,0,1.152366667,0,1.458345899,0,40.44,0,0.5897550815556,0,-26.35,0,1.31,0,8.52,0,133.4626,185.5626,232.1626,224.6626,179.9626,65.6212,93.8639,133.2584,131.3332,107.615,0.656212,0.938639,1.332584,1.313332,1.07615,0.333564165,0.463843339,0.567697616,0.545584746,0.432628056,11.155604,11.263668,11.326964,12.476654,10.7615,17,12,8.5,9.5,10,0.11155604,0.11263668,0.11326964,0.12476654,0.107615,3.67,4.79294117647059,1.56,3.49152941176471,1.84,-25.16,NA,-24.68,NA,-24.08,0.37,NA,0.15,NA,0.17,8.93,NA,9.94,NA,9.26,5.17,NA,2.56,NA,2.76,-22.5,NA,-20.6,NA,-19.38,0.43,NA,0.2,NA,0.17,9.3,NA,9.18,NA,9.97,1.5,NA,1,NA,0.92,2.40829804,NA,2.07883104,NA,1.980116,0.02408298,NA,0.02078831,NA,0.01980116,2.81,NA,6.92,NA,7.64,0.281,NA,0.692,NA,0.764,7.783,NA,7.715,NA,7.707
"21","North Sea","MET","Mettgrund (MET)","Not grazed","4",171.4826,12.5749115305039,94.04868,8.9805999493575,0.9404868,0.089805999493575,0.423433945,0.0297026029310715,11.4172392,0.379190969151185,12.7,1.6015617378047,0.114172392,0.00379190969151185,2.42,0.597689997685534,-23.99,0.117189305541647,0.243333333333333,0.0589726867098471,9.57333333333333,0.153767501262278,3.58333333333333,0.854328846392171,-20.63,0.539104195247388,0.293333333333333,0.0808977406634107,9.66666666666667,0.478098083846587,1.16333333333333,0.271804668425283,1.94087487,0.159377996620206,0.0194087486666667,0.00159377986280178,5.95666666666667,0.80125595854952,0.595666666666667,0.0801255958549521,7.73366666666667,0.0453884468902727,897.1969,0,142.2796,0,16.63253,0,2.652733,0,1.580884444,0,1.351366786,0,43.08,0,0.5821688114088,0,-24.61,0,1.92,0,9.33,0,128.4626,181.6626,193.4626,195.1626,158.6626,63.0909,98.9971,110.7165,111.1433,86.2956,0.630909,0.989971,1.107165,1.111433,0.862956,0.321055263,0.450485943,0.473546752,0.478482161,0.393599606,11.987271,11.879652,11.6252325,11.6700465,9.923994,19,12,10.5,10.5,11.5,0.11987271,0.11879652,0.116252325,0.116700465,0.09923994,3.58,4.07819548872181,1.59,3.49826086956522,2.09,-24.17,NA,-23.77,NA,-24.03,0.36,NA,0.17,NA,0.2,9.44,NA,9.88,NA,9.4,5.28,NA,2.56,NA,2.91,-21.05,NA,-19.56,NA,-21.28,0.45,NA,0.18,NA,0.25,9.8,NA,10.42,NA,8.78,1.7,NA,0.97,NA,0.82,2.25865422,NA,1.76039235,NA,1.80357804,0.022586542,NA,0.017603924,NA,0.01803578,4.87,NA,5.48,NA,7.52,0.487,NA,0.548,NA,0.752,7.806,NA,7.745,NA,7.65
"22","North Sea","MET","Mettgrund (MET)","Not grazed","5",182.4026,11.7263634601696,77.80896,7.41652111246236,0.7780896,0.0741652111246236,0.4430559188,0.0308379362655347,10.7762056,0.423069708613882,14.2,0.930053761886914,0.107762056,0.00423069708613882,3.03666666666667,0.375514461920058,-24.5866666666667,0.24740879352018,0.286666666666667,0.0371184290855335,9.60333333333333,0.0768837506311388,4.44666666666667,0.468413397663977,-20.9433333333333,0.171302202100395,0.34,0.0472581562625261,9.84,0.0929157324317758,1.41,0.106926766215636,2.23611026333333,0.115764060997168,0.0223611026666667,0.00115764075121794,11.3633333333333,1.32264045672956,1.13633333333333,0.132264045672956,7.65866666666667,0.0265225271127103,551.9979,0,117.5992,0,35.23253,0,5.124133,0,1.306657778,0,2.610358125,0,35.34,0,0.922500561375,0,-22.72,0,1.55,0,9.57,0,137.0626,182.2626,199.2626,197.2626,196.1626,53.8229,70.7359,79.3835,88.2161,96.8864,0.538229,0.707359,0.793835,0.882161,0.968864,0.326872688,0.432833807,0.477581971,0.487657414,0.490333714,9.149893,10.9640645,11.11369,11.0270125,11.626368,17,15.5,14,12.5,12,0.09149893,0.109640645,0.1111369,0.110270125,0.11626368,3.76,6.58359243697479,2.85,5.14880952380952,2.5,-24.13,NA,-24.98,NA,-24.65,0.36,NA,0.26,NA,0.24,9.69,NA,9.67,NA,9.45,5.31,NA,4.33,NA,3.7,-21.22,NA,-20.98,NA,-20.63,0.43,NA,0.32,NA,0.27,10.01,NA,9.69,NA,9.82,1.55,NA,1.48,NA,1.2,2.02374104,NA,2.26242975,NA,2.42216,0.02023741,NA,0.022624298,NA,0.0242216,9.67,NA,13.97,NA,10.45,0.967,NA,1.397,NA,1.045,7.64,NA,7.625,NA,7.711
"23","North Sea","NES","Nessmersiel (NES)","Grazed","1",229.7026,17.4401720175003,162.85878,15.7266395053552,1.6285878,0.157266395053552,0.4716462538,0.0232434016946461,5.4827764,0.425361392498996,3.5,0.418330013267038,0.054827764,0.00425361392498996,0.53,0.152752523165195,-22.52,0.38940124978399,0.0533333333333333,0.0120185042515466,8.54333333333333,0.371004642079374,1.34,0.393742724800514,-13.89,0.947435134103298,0.0633333333333333,0.0176383420737639,8.89,1.86976825658511,0.81,0.249064917909635,0.756139946666667,0.175528221741863,0.00756139933333333,0.00175528222589667,3.61666666666667,0.664086674396582,0.361666666666667,0.0664086674396581,7.86766666666667,0.0241821789294882,245.4104,0,50.8604,0,39.13253,0,5.968233,0,0.565115556,0,3.04036322,0,33.7,0,1.02460240514,0,-17.77,0,1.57,0,10.08,0,172.9626,231.3626,273.4626,256.3626,214.3626,114.8109,159.2326,204.2888,188.6675,147.2941,1.148109,1.592326,2.042888,1.886675,1.472941,0.386005357,0.496426278,0.516759242,0.49819534,0.460845052,4.592436,6.369304,5.10722,4.7166875,6.6282345,4,4,2.5,2.5,4.5,0.04592436,0.06369304,0.0510722,0.047166875,0.066282345,0.63,0.998,0.23,0.635555555555556,0.73,-21.92,NA,-22.39,NA,-23.25,0.06,NA,0.03,NA,0.07,9.27,NA,8.31,NA,8.05,1.4,NA,0.63,NA,1.99,-15.17,NA,-12.04,NA,-14.46,0.07,NA,0.03,NA,0.09,11.88,NA,5.45,NA,9.34,0.77,NA,0.4,NA,1.26,0.72330867,NA,0.46986424,NA,1.07524693,0.007233087,NA,0.004698642,NA,0.010752469,3.59,NA,2.48,NA,4.78,0.359,NA,0.248,NA,0.478,7.902,NA,7.88,NA,7.821
"24","North Sea","NES","Nessmersiel (NES)","Grazed","2",201.6026,19.3872793346565,120.31742,12.7453633487006,1.2031742,0.127453633487006,0.48381607,0.0449915137315313,15.3795115,0.993240997889309,13.2,1.10227038425243,0.153795115,0.00993240997889309,2.57333333333333,0.745929695823347,-25.02,0.750488729651107,0.24,0.0665832811847939,8.09,0.227156333832011,4.34666666666667,0.759875720832763,-17.9033333333333,1.82126634820696,0.273333333333333,0.0788106027835793,8.85666666666667,0.0176383420737641,1.77333333333333,0.082529456020933,2.75663609666667,0.310811669307702,0.0275663613333333,0.00310811667919301,4.88666666666667,0.134824989441045,0.488666666666667,0.0134824989441045,7.86033333333333,0.0579549633575743,356.8104,0,25.5814,0,31.43253,0,6.370533,0,0.284237778,0,3.245304636,0,21.26,0,0.6899517656136,0,-27.07,0,0.96,0,7.64,0,135.9626,178.6626,225.7626,237.2626,230.3626,76.4422,107.256,135.8825,135.7508,146.2556,0.764422,1.07256,1.358825,1.357508,1.462556,0.334641315,0.428673169,0.540972362,0.580804057,0.533989447,12.230752,16.0884,15.6264875,18.326358,14.62556,16,15,11.5,13.5,10,0.12230752,0.160884,0.156264875,0.18326358,0.1462556,3.99,6.70149456521739,2.27,4.63578260869565,1.46,-26.45,NA,-24.7,NA,-23.91,0.36,NA,0.23,NA,0.13,8.15,NA,8.45,NA,7.67,5.73,NA,4.2,NA,3.11,-21.44,NA,-16.89,NA,-15.38,0.42,NA,0.25,NA,0.15,8.89,NA,8.85,NA,8.83,1.74,NA,1.93,NA,1.65,3.05004378,NA,3.08453275,NA,2.13533176,0.030500438,NA,0.030845328,NA,0.021353318,4.84,NA,4.68,NA,5.14,0.484,NA,0.468,NA,0.514,7.745,NA,7.928,NA,7.908
"25","North Sea","NES","Nessmersiel (NES)","Grazed","3",191.5426,14.828061235374,119.44956,11.6858614663019,1.1944956,0.116858614663019,0.4480097684,0.0295835125411062,14.9750061,0.80376240150853,13,1.2747548783982,0.149750061,0.00803762401508531,3.02,1.16663333285713,-25.35,0.465725240887801,0.253333333333333,0.082529456020933,8.19333333333333,0.17486502731472,4.13666666666667,0.870063854617068,-18.16,1.33665004145937,0.273333333333333,0.082529456020933,8.77333333333333,0.251815629203413,1.11666666666667,0.331930380920123,3.06692377666667,0.585709710888298,0.0306692376666667,0.00585709720731907,4.09,0.473532821812104,0.409,0.0473532821812103,7.863,0.0315330514434194,313.4104,0,97.9725,0,17.53253,0,3.352433,0,1.088583333,0,1.707811004,0,29.64,0,0.5061951815856,0,-26.49,0,1.06,0,7.95,0,137.5626,183.3626,203.2626,214.8626,218.6626,78.2035,109.5181,130.4969,138.0905,140.9388,0.782035,1.095181,1.304969,1.380905,1.409388,0.337452867,0.441055555,0.467164066,0.493408237,0.500968117,12.9035775,16.427715,16.964597,15.189955,13.389186,16.5,15,13,11,9.5,0.129035775,0.16427715,0.16964597,0.15189955,0.13389186,5.32,7.38636363636364,2.21,3.64157894736842,1.53,-26.28,NA,-24.93,NA,-24.84,0.41,NA,0.22,NA,0.13,8.06,NA,8.54,NA,7.98,5.79,NA,3.78,NA,2.84,-20.81,NA,-16.53,NA,-17.14,0.43,NA,0.24,NA,0.15,9.19,NA,8.32,NA,8.81,0.47,NA,1.57,NA,1.31,4.1604262,NA,2.88398149,NA,2.15636364,0.041604262,NA,0.028839815,NA,0.021563636,3.72,NA,3.52,NA,5.03,0.372,NA,0.352,NA,0.503,7.801,NA,7.904,NA,7.884
"26","North Sea","NES","Nessmersiel (NES)","Grazed","4",202.9026,12.66848846548,135.37878,12.4603452781374,1.3537878,0.124603452781374,0.4461067488,0.0188302960871866,12.936139,1.12929883588878,10.2,1.94679223339318,0.12936139,0.0112929883588878,2.43,1.03161685394013,-25.06,0.763740793725201,0.226666666666667,0.091712109947984,8.04666666666667,0.497236809221164,3.78,1.32525469250254,-18.0666666666667,2.37854530706854,0.246666666666667,0.122519839663261,8.74666666666667,0.658187747615459,1.35,0.304357246231026,2.74734536333333,0.710695060592629,0.0274734536666667,0.00710695063773621,2.75,0.229419557434264,0.275,0.0229419557434264,7.882,0.0595007002759912,219.1104,0,90.3566,0,11.03253,0,1.929133,0,1.003962222,0,0.982747326,0,33.61,0,0.3303013762686,0,-26.52,0,0.9,0,7.37,0,161.6626,206.2626,234.9626,220.8626,190.7626,91.3981,136.3955,162.4675,155.7675,130.8653,0.913981,1.363955,1.624675,1.557675,1.308653,0.397249691,0.462010953,0.501275423,0.459095428,0.410902249,15.9946675,15.003505,12.1850625,11.6825625,9.8148975,17.5,11,7.5,7.5,7.5,0.159946675,0.15003505,0.121850625,0.116825625,0.098148975,4.49,5.02228571428571,1.5,2.8,1.3,-26.49,NA,-24.81,NA,-23.88,0.41,NA,0.14,NA,0.13,8.1,NA,8.88,NA,7.16,6.41,NA,2.75,NA,2.18,-22.46,NA,-17.45,NA,-14.29,0.49,NA,0.15,NA,0.1,8.74,NA,9.89,NA,7.61,1.92,NA,1.25,NA,0.88,4.10377469,NA,2.4370125,NA,1.7012489,0.041037747,NA,0.024370125,NA,0.017012489,2.38,NA,2.7,NA,3.17,0.238,NA,0.27,NA,0.317,7.766,NA,7.917,NA,7.963
"27","North Sea","NES","Nessmersiel (NES)","Grazed","5",204.9226,11.3442760897291,127.37776,10.6335682046339,1.2737776,0.106335682046339,0.4738000392,0.0268016446270171,15.4012136,0.545149423925436,12.4,1.0295630140987,0.154012136,0.00545149423925436,2.20333333333333,0.208513255640445,-24.4066666666667,0.248350111290045,0.223333333333333,0.0185592145427667,8.44,0.147309198626563,4.04333333333333,0.183696609779398,-16.4466666666667,0.262064453480013,0.243333333333333,0.0185592145427667,9.02666666666667,0.133832399332565,1.84,0.04,2.63935027333333,0.185584437910602,0.0263935026666667,0.00185584439565681,5.84333333333333,0.342263705999401,0.584333333333333,0.0342263705999401,7.89933333333333,0.0254055986830547,136.7104,0,17.0357,0,19.83253,0,3.898333,0,0.189285556,0,1.985905756,0,27.1,0,0.538180459876,0,-26.94,0,1.07,0,8.55,0,166.5626,221.5626,231.5626,209.6626,195.2626,110.4499,152.6313,152.8786,118.0392,102.8898,1.104499,1.526313,1.528786,1.180392,1.028898,0.37209086,0.474857847,0.519475069,0.515836055,0.486740365,13.8062375,14.4999735,16.816646,15.935292,15.947919,12.5,9.5,11,13.5,15.5,0.138062375,0.144999735,0.16816646,0.15935292,0.15947919,2.08,3.23898181818182,1.92,4.62958944281525,2.61,-24.65,NA,-24.66,NA,-23.91,0.21,NA,0.2,NA,0.26,8.34,NA,8.25,NA,8.73,3.88,NA,3.84,NA,4.41,-16.55,NA,-15.95,NA,-16.84,0.23,NA,0.22,NA,0.28,8.76,NA,9.18,NA,9.14,1.8,NA,1.92,NA,1.8,2.29735792,NA,2.93526912,NA,2.68542378,0.022973579,NA,0.029352691,NA,0.026854238,5.22,NA,5.91,NA,6.4,0.522,NA,0.591,NA,0.64,7.9,NA,7.943,NA,7.855
"28","North Sea","NES","Nessmersiel (NES)","Not grazed","1",208.0826,11.2419037533685,134.92224,6.69868160794346,1.3492224,0.0669868160794346,0.4734610784,0.0288095084783402,5.956629,0.854606515725,4.4,0.6,0.05956629,0.00854606515725,0.933333333333333,0.293844252018726,-22.6566666666667,0.482539578111935,0.0366666666666667,0.0202758751009941,9.61,1.40524019299193,1.86333333333333,0.116809436452902,-15.42,0.598080262172228,0.0866666666666667,0.0120185042515466,10.4666666666667,0.497203289521612,0.93,0.243789526709687,1.21914725,0.415182607473417,0.0121914723333333,0.00415182596959524,4.97666666666667,1.12410458192782,0.497666666666667,0.112410458192782,7.84933333333333,0.0384115144773601,111.7104,0,21.3235,0,27.73253,0,5.187533,0,0.236927778,0,2.642655629,0,21.3,0,0.562885648977,0,-25.84,0,0.62,0,8.21,0,169.4626,204.2626,220.1626,237.6626,208.8626,114.0672,131.4356,134.7502,155.8355,138.5227,1.140672,1.314356,1.347502,1.558355,1.385227,0.372872727,0.468615422,0.522765355,0.536540753,0.466511135,3.422016,5.914602,8.758763,5.4542425,6.2335215,3,4.5,6.5,3.5,4.5,0.03422016,0.05914602,0.08758763,0.054542425,0.062335215,0.67,2.05730769230769,1.52,1.29290598290598,0.61,-23.57,NA,-21.93,NA,-22.47,0.07,NA,0,NA,0.04,8.16,NA,8.25,NA,12.42,1.97,NA,1.99,NA,1.63,-14.27,NA,-15.71,NA,-16.28,0.08,NA,0.11,NA,0.07,11.46,NA,9.93,NA,10.01,1.3,NA,0.47,NA,1.02,0.76425024,NA,2.04820304,NA,0.84498847,0.007642502,NA,0.02048203,NA,0.008449885,2.76,NA,5.76,NA,6.41,0.276,NA,0.576,NA,0.641,7.917,NA,7.847,NA,7.784
"29","North Sea","NES","Nessmersiel (NES)","Not grazed","2",176.6626,11.1103105267135,95.41212,11.0409442353179,0.9541212,0.110409442353179,0.4320776378,0.0263012164833024,12.5182649,0.680175170342287,13.7,1.29034879005639,0.125182649,0.00680175170342288,3.15333333333333,0.927529574251469,-24.6933333333333,0.650188006998317,0.29,0.0873689494805411,8.65333333333333,0.363974968614296,4.75,0.900721932674008,-20.2266666666667,2.08254918576035,0.366666666666667,0.0973538791100682,9.08333333333333,0.429508763330596,1.59666666666667,0.032829526005987,2.58774121333333,0.174404275949361,0.025877412,0.00174404293053038,6.88333333333333,1.01005500400281,0.688333333333333,0.101005500400281,7.725,0.108041658632215,295.9104,0,47.5638,0,4.832533,0,0.934433,0,0.528486667,0,0.476022924,0,25.84,0,0.1230043235616,0,-26.5,0,0.7,0,8.64,0,143.2626,169.9626,170.2626,190.2626,209.5626,58.9406,88.7283,94.7562,110.1393,124.4962,0.589406,0.887283,0.947562,1.101393,1.244962,0.346914636,0.424080435,0.420215569,0.463818122,0.505359427,10.314605,12.8656035,13.265868,14.318109,11.827139,17.5,14.5,14,13,9.5,0.10314605,0.128656035,0.13265868,0.14318109,0.11827139,4.98,6.73628571428571,2.52,5.02210526315789,1.96,-25.99,NA,-24.13,NA,-23.96,0.46,NA,0.24,NA,0.17,9.27,NA,8.68,NA,8.01,6.53,NA,4.1,NA,3.62,-24.39,NA,-18.04,NA,-18.25,0.56,NA,0.29,NA,0.25,9.94,NA,8.6,NA,8.71,1.55,NA,1.58,NA,1.66,2.93524188,NA,2.38785624,NA,2.44012552,0.029352419,NA,0.023878562,NA,0.024401255,8.38,NA,7.31,NA,4.96,0.838,NA,0.731,NA,0.496,7.512,NA,7.8,NA,7.863
"30","North Sea","NES","Nessmersiel (NES)","Not grazed","3",137.6226,24.8009193377987,83.46918,15.9155215123288,0.8346918,0.159155215123288,0.3268280412,0.0578580996843944,10.4941137,1.62434801863314,13.5,1.35092560861063,0.104941137,0.0162434801863314,2.48333333333333,0.613442019355628,-24.1666666666667,0.351962750554342,0.253333333333333,0.0589726867098471,8.44,0.242693221990232,4.27666666666667,0.844597208404364,-16.4666666666667,1.34640674059183,0.283333333333333,0.0788106027835793,9.02333333333333,0.326870684590167,1.79333333333333,0.257055981797308,1.54037725,0.309139195127577,0.0154037726666667,0.00309139207178828,5.86666666666667,1.19668059416222,0.586666666666667,0.119668059416222,7.939,0.0511175116765281,219.8104,0,72.9029,0,12.23253,0,2.150533,0,0.810032222,0,1.095533877,0,40.17,0,0.4400759583909,0,-26.31,0,1.76,0,6.74,0,46.5626,135.2626,181.3626,183.1626,141.7626,25.525,78.1085,105.1555,117.3831,91.1738,0.25525,0.781085,1.051555,1.173831,0.911738,0.115325334,0.330041048,0.44185492,0.421559949,0.325358955,4.5945,11.3257325,14.1959925,12.3252255,10.029118,18,14.5,13.5,10.5,11,0.045945,0.113257325,0.141959925,0.123252255,0.10029118,3.71,5.01861111111111,1.89,3.23590909090909,1.85,-24.87,NA,-23.79,NA,-23.84,0.37,NA,0.21,NA,0.18,8.01,NA,8.85,NA,8.46,5.94,NA,3.7,NA,3.19,-18.65,NA,-14.01,NA,-16.74,0.44,NA,0.22,NA,0.19,8.37,NA,9.33,NA,9.37,2.23,NA,1.81,NA,1.34,0.9469775,NA,1.98743895,NA,1.6867153,0.009469775,NA,0.01987439,NA,0.016867153,7.74,NA,6.22,NA,3.64,0.774,NA,0.622,NA,0.364,7.849,NA,8.026,NA,7.942
"31","North Sea","NES","Nessmersiel (NES)","Not grazed","4",157.0826,14.1031344033871,87.28544,7.39740617484264,0.8728544,0.0739740617484264,0.3875733378,0.0353761219062205,12.231461,1.00760286414955,14.1,0.578791845139511,0.12231461,0.0100760286414955,2.95,0.541510233821424,-22.2333333333333,1.75712201562037,0.3,0.0404145188432738,8.34,0.0964365076099295,4.71333333333333,0.659048135149812,-17.7233333333333,1.4318907469186,0.346666666666667,0.0569600249687836,9.16333333333333,0.101707642015949,1.76333333333333,0.170228604464049,2.32868311,0.0139918073318651,0.0232868313333333,0.000139918183661421,5.37,0.556506963119061,0.537,0.0556506963119061,7.91466666666667,0.0304922576694114,205.6104,0,66.6395,0,16.63253,0,2.691833,0,0.740438889,0,1.371285278,0,38.7,0,0.530687402586,0,-26.19,0,1.76,0,6.96,0,103.4626,154.4626,181.0626,173.7626,172.6626,58.4725,89.0469,99.0543,96.6383,93.2152,0.584725,0.890469,0.990543,0.966383,0.932152,0.25426421,0.377118169,0.448644543,0.428927815,0.428911952,9.0632375,10.685628,14.3628735,13.529362,13.516204,15.5,12,14.5,14,14.5,0.090632375,0.10685628,0.143628735,0.13529362,0.13516204,4.03,5.05655172413793,2.34,4.65379310344828,2.48,-24.96,NA,-22.79,NA,-18.95,0.38,NA,0.27,NA,0.25,8.16,NA,8.37,NA,8.49,6.02,NA,4.21,NA,3.91,-20.19,NA,-15.23,NA,-17.75,0.46,NA,0.3,NA,0.28,9,NA,9.14,NA,9.35,1.99,NA,1.87,NA,1.43,2.35644175,NA,2.31787062,NA,2.31173696,0.023564418,NA,0.023178706,NA,0.02311737,4.36,NA,5.47,NA,6.28,0.436,NA,0.547,NA,0.628,7.904,NA,7.972,NA,7.868
"32","North Sea","NES","Nessmersiel (NES)","Not grazed","5",157.7026,25.2467146377504,99.13086,20.3080692281566,0.9913086,0.203080692281566,0.3572140356,0.0530367234951442,8.8441801,1.71627828138259,11.2,2.87923600977759,0.088441801,0.0171627828138259,2.52666666666667,1.22205200834953,-24.7866666666667,0.48570681600232,0.243333333333333,0.12142670400058,8.35666666666667,0.201190898844301,4.09333333333333,1.6485785122678,-17.62,1.61397025994905,0.29,0.147986485869487,8.5,0.321869538788622,1.56666666666667,0.434063487419883,1.51672944666667,0.512092960297355,0.0151672946666667,0.00512092941852851,4.77333333333333,1.29904238233828,0.477333333333333,0.129904238233828,7.92333333333333,0.0437619824860703,152.0104,0,37.8006,0,15.23253,0,2.258733,0,0.420006667,0,1.150653591,0,42.37,0,0.4875319265067,0,-26.51,0,1.8,0,7.39,0,61.3626,161.0626,201.3626,195.2626,169.4626,29.5824,90.9782,152.5031,121.3042,101.2864,0.295824,0.909782,1.525031,1.213042,1.012864,0.153209706,0.395880394,0.370040177,0.45945637,0.407483531,6.064392,9.552711,3.8125775,12.13042,12.6608,20.5,10.5,2.5,10,12.5,0.06064392,0.09552711,0.038125775,0.1213042,0.126608,4.69,4.33419512195122,0.46,3.784,2.43,-25.6,NA,-24.84,NA,-23.92,0.46,NA,0.04,NA,0.23,8.3,NA,8.73,NA,8.04,6.92,NA,1.21,NA,4.15,-20.59,NA,-15.04,NA,-17.23,0.56,NA,0.05,NA,0.26,8.76,NA,7.86,NA,8.88,2.23,NA,0.75,NA,1.72,1.38741456,NA,0.70151426,NA,2.46125952,0.013874146,NA,0.007015143,NA,0.024612595,7.02,NA,2.52,NA,4.78,0.702,NA,0.252,NA,0.478,7.842,NA,7.992,NA,7.936
"33","Baltic Sea","SCH","Schleimnde (SCH)","Grazed","1",157.2026,22.1930529670886,79.40248,20.5289816975027,0.7940248,0.205289816975027,0.365737211,0.059559494811533,13.0942245,1.60187736598448,23.5,7.60756202735147,0.130942245,0.0160187736598448,15.12,6.01307187162546,-27.4666666666667,0.736757158846191,0.796666666666667,0.155062711328173,3.52,0.52373657500694,16.4933333333333,6.76312140295523,-27.4933333333333,0.679763030605355,0.853333333333333,0.157726908857613,3.78333333333333,0.497504885514817,1.37333333333333,0.820697535298142,6.17401350333333,1.51546168922344,0.0617401353333333,0.0151546167654242,13.6833333333333,2.60128387104864,1.36833333333333,0.260128387104864,6.446,0.130829405461209,151.599,0,22.3051,0,116.2325,0,19.03803,0,0.247834444,0,9.698436067,0,33.83,0,3.2809809214661,0,-27.81,0,1.28,0,3.33,0,93.4626,207.7626,186.6626,182.4626,115.6626,29.8387,134.0435,93.4645,105.9277,33.738,0.298387,1.340435,0.934645,1.059277,0.33738,0.203124508,0.475618142,0.46665555,0.444319325,0.23896853,8.95161,10.0532625,16.3562875,13.2409625,16.869,30,7.5,17.5,12.5,50,0.0895161,0.100532625,0.163562875,0.132409625,0.16869,12.58,5.80642857142857,6.21,11.0782142857143,26.57,-27.7,NA,-26.09,NA,-28.61,0.91,NA,0.49,NA,0.99,4.29,NA,3.75,NA,2.52,12.95,NA,6.96,NA,29.57,-27.69,NA,-26.23,NA,-28.56,0.93,NA,0.55,NA,1.08,4.33,NA,4.23,NA,2.79,0.37,NA,0.75,NA,3,3.75370846,NA,5.80414545,NA,8.9641866,0.037537085,NA,0.058041455,NA,0.089641866,12.44,NA,9.93,NA,18.68,1.244,NA,0.993,NA,1.868,6.511,NA,6.633,NA,6.194
"34","Baltic Sea","SCH","Schleimnde (SCH)","Grazed","2",208.9826,26.760967844979,139.5427,23.638243790413,1.395427,0.23638243790413,0.4482400114,0.0511225679083348,8.0040374,1.85527326991261,6.5,1.72481883106603,0.080040374,0.0185527326991261,2.31,1.10572751314839,-26.7533333333333,0.426197658891322,0.19,0.0888819441731559,4.37666666666667,0.672119367705205,3.11666666666667,1.47803172421223,-25.65,0.517300686255103,0.23,0.130511813003013,5.50333333333333,1.09833712695349,0.806666666666667,0.372931331182803,2.48818049666667,1.08946504079934,0.024881805,0.0108946502970693,3.18666666666667,0.651673060497193,0.318666666666667,0.0651673060497193,7.48666666666667,0.0502073478464834,177.899,0,33.6588,0,78.63253,0,13.10583,0,0.373986667,0,6.676428935,0,41,0,2.73733586335,0,-28.02,0,1.2,0,1.18,0,121.0626,220.4626,275.1626,245.9626,182.2626,72.7805,167.2937,208.3429,144.2806,105.0158,0.727805,1.672937,2.083429,1.442806,1.050158,0.290262672,0.403461721,0.505933949,0.596462225,0.44507949,4.7307325,5.018811,5.2085725,12.985254,12.076817,6.5,3,2.5,9,11.5,0.047307325,0.05018811,0.052085725,0.12985254,0.12076817,1.76,1.68830769230769,0.73,6.10278260869565,4.44,-27.58,NA,-26.52,NA,-26.16,0.15,NA,0.06,NA,0.36,3.44,NA,5.68,NA,4.01,2.43,NA,0.97,NA,5.95,-26.31,NA,-24.63,NA,-26.01,0.17,NA,0.04,NA,0.48,4.4,NA,7.7,NA,4.41,0.67,NA,0.24,NA,1.51,1.2809368,NA,1.52090317,NA,4.66270152,0.012809368,NA,0.015209032,NA,0.046627015,2.53,NA,2.54,NA,4.49,0.253,NA,0.254,NA,0.449,7.497,NA,7.568,NA,7.395
"35","Baltic Sea","SCH","Schleimnde (SCH)","Grazed","3",240.4626,27.2111374256939,193.10596,26.4871159180761,1.9310596,0.264871159180761,0.3711923796,0.0352412313712057,3.8237162,0.741750253872043,2.5,1.02469507659596,0.038237162,0.00741750253872043,0.913333333333333,0.755917397015779,-28.48,0.77880249956798,0.0733333333333333,0.0589726867098471,-24.3433333333333,26.6909630982307,1.48666666666667,1.0870806982209,-22.2766666666667,3.56539073750846,0.0966666666666667,0.107289846262874,5.95,2.45406465549165,0.573333333333333,0.331176354496781,0.991893586666667,0.670364242736049,0.00991893566666667,0.00670364246725098,0.864333333333333,0.178741277953483,0.0864333333333333,0.0178741277953483,6.64333333333333,0.438418876317057,232.6979,0,54.993,0,47.43253,0,7.738333,0,0.611033333,0,3.942095262,0,37.01,0,1.4589694564662,0,-28.93,0,1.78,0,0.08,0,143.5626,250.9626,278.4626,301.3626,227.9626,93.3642,214.5626,218.2626,247.7626,191.5778,0.933642,2.145626,2.182626,2.477626,1.915778,0.326459221,0.311204882,0.471855413,0.440667666,0.305774716,6.068673,4.291252,4.365252,2.477626,1.915778,6.5,2,2,1,1,0.06068673,0.04291252,0.04365252,0.02477626,0.01915778,2.41,1.09153846153846,0.35,0.155,-0.02,-28.22,NA,-27.28,NA,-29.94,0.19,NA,0.03,NA,0,0.65,NA,4.01,NA,-77.69,3.64,NA,0.67,NA,0.15,-27.92,NA,-23.23,NA,-15.68,0.31,NA,0.01,NA,-0.03,1.06,NA,8.03,NA,8.76,1.23,NA,0.32,NA,0.17,2.25007722,NA,0.7639191,NA,-0.03831556,0.022500772,NA,0.007639191,NA,-0.000383156,0.943,NA,1.127,NA,0.523,0.0943,NA,0.1127,NA,0.0523,6.22,NA,6.19,NA,7.52
"36","Baltic Sea","SCH","Schleimnde (SCH)","Grazed","4",165.0626,13.0679378633356,61.44658,13.5634401092201,0.6144658,0.135634401092201,0.3653822856,0.0555063717007234,18.0518473,1.76706067904612,36.3,8.31955527657579,0.180518473,0.0176706067904612,19.6666666666667,7.67027234052206,-27.6933333333333,0.682405874665348,1.18666666666667,0.334132375630445,2.48666666666667,0.61925582579236,21.2266666666667,7.73358979459805,-27.6333333333333,0.627968505933574,1.20666666666667,0.273881564021953,2.78666666666667,0.668389440703879,1.56,0.354729944229879,7.18255274666667,1.59369797246458,0.0718255276666667,0.0159369796246705,22.8033333333333,4.9982674776144,2.28033333333333,0.49982674776144,6.62866666666667,0.202621431355235,210.799,0,26.0699,0,82.73253,0,11.09893,0,0.289665556,0,5.654065206,0,40.68,0,2.3000737258008,0,-27.62,0,1.55,0,2.56,0,124.5626,187.4626,193.3626,174.4626,145.4626,28.2634,91.8993,88.3102,67.2404,31.5196,0.282634,0.918993,0.883102,0.672404,0.315196,0.218504014,0.468477466,0.479782463,0.413249809,0.246897676,13.425115,14.2443915,21.194448,21.85313,19.542152,47.5,15.5,24,32.5,62,0.13425115,0.142443915,0.21194448,0.2185313,0.19542152,19.77,10.5393881578947,6.33,25.8178427419355,32.9,-28.32,NA,-26.33,NA,-28.43,1.56,NA,0.52,NA,1.48,2.71,NA,3.43,NA,1.32,20.63,NA,8.14,NA,34.91,-28.19,NA,-26.38,NA,-28.33,1.38,NA,0.67,NA,1.57,3.44,NA,3.47,NA,1.45,0.86,NA,1.81,NA,2.01,5.58767418,NA,5.59003566,NA,10.3699484,0.055876742,NA,0.055900357,NA,0.103699484,24,NA,13.61,NA,30.8,2.4,NA,1.361,NA,3.08,6.586,NA,6.999,NA,6.301
"37","Baltic Sea","SCH","Schleimnde (SCH)","Grazed","5",140.1826,15.4537503538785,45.0448,10.773661496121,0.450448,0.10773661496121,0.2884326448,0.0469733472560232,18.1827501,2.66750852662547,47.9,10.8551830938036,0.181827501,0.0266750852662547,22.7466666666667,8.54191495574096,-28.23,0.0493288286231619,0.96,0.137961347243832,1.82666666666667,0.793228284361514,20.14,9.98422255360927,-21.8133333333333,6.32190460049642,1.08333333333333,0.0698410894658565,1.83666666666667,0.77923751906021,-2.60666666666667,3.45950060622114,7.91812704,2.29175010545621,0.0791812706666667,0.0229175009734133,27.8666666666667,6.45092585947509,2.78666666666667,0.645092585947509,5.61933333333333,0.0431907911995652,267.8979,0,40.9449,0,108.5325,0,16.60133,0,0.454943333,0,8.457121752,0,41.94,0,3.5469168627888,0,-27.65,0,1.8,0,2.14,0,82.0626,166.8626,165.0626,148.2626,138.6626,26.8182,79.9159,60.6834,30.8485,26.958,0.268182,0.799159,0.606834,0.308485,0.26958,0.180539657,0.416415888,0.383738336,0.244299565,0.217169778,9.252279,15.5836005,23.666526,23.136375,19.27497,34.5,19.5,39,75,71.5,0.09252279,0.155836005,0.23666526,0.23136375,0.1927497,12.58,15.0804347826087,15.94,72.3181818181818,39.72,-28.14,NA,-28.31,NA,-28.24,0.91,NA,0.75,NA,1.22,2.34,NA,2.87,NA,0.27,14.33,NA,6.5,NA,39.59,-28.04,NA,-9.17,NA,-28.23,1.04,NA,0.99,NA,1.22,2.38,NA,2.83,NA,0.3,1.75,NA,-9.44,NA,-0.13,3.37372956,NA,9.67293396,NA,10.7077176,0.033737296,NA,0.09672934,NA,0.107077176,22.6,NA,20.3,NA,40.7,2.26,NA,2.03,NA,4.07,5.665,NA,5.66,NA,5.533
"38","Baltic Sea","SCH","Schleimnde (SCH)","Not grazed","1",143.3626,19.2392567424004,44.8403,10.3466729382928,0.448403,0.103466729382928,0.301291023,0.0596630815703012,14.4547302,2.67056741956515,37.2,7.05088646909025,0.144547302,0.0267056741956515,17.9166666666667,3.48765601005094,-27.6466666666667,0.324157026420496,1.1,0.123423390543824,2.69,0.480555234425069,21.48,4.45630265279787,-27.6366666666667,0.306829666825821,1.26666666666667,0.202182535788277,2.9,0.320832251080426,3.56333333333333,1.60179413297853,6.62351692333333,2.24795789476109,0.0662351693333333,0.0224795790384332,16.9533333333333,3.6196746324006,1.69533333333333,0.36196746324006,6.05233333333333,0.0279424010739554,205.299,0,62.9187,0,148.6325,0,21.48923,0,0.699096667,0,10.94713704,0,40.28,0,4.409506799712,0,-26.94,0,1.11,0,2.69,0,81.2626,116.7626,175.5626,181.7626,161.4626,12.5729,30.8273,59.6303,70.3055,50.8655,0.125729,0.308273,0.596303,0.703055,0.508655,0.106276286,0.226883717,0.393767114,0.431114385,0.348413613,7.8580625,8.631644,17.292787,16.87332,21.6178375,62.5,28,29,24,42.5,0.078580625,0.08631644,0.17292787,0.1687332,0.216178375,22.02,20.4663393103448,10.98,20.8045436105477,20.75,-27.93,NA,-27,NA,-28.01,1.34,NA,0.93,NA,1.03,3.21,NA,3.13,NA,1.73,28.75,NA,13.38,NA,22.31,-27.86,NA,-27.03,NA,-28.02,1.67,NA,1.09,NA,1.04,3.26,NA,3.18,NA,2.26,6.73,NA,2.4,NA,1.56,2.76855258,NA,6.54740694,NA,10.55459125,0.027685526,NA,0.065474069,NA,0.105545913,24.1,NA,12.38,NA,14.38,2.41,NA,1.238,NA,1.438,6.012,NA,6.106,NA,6.039
"39","Baltic Sea","SCH","Schleimnde (SCH)","Not grazed","2",132.0026,5.21139136891483,31.23696,4.83195997071582,0.3123696,0.0483195997071582,0.232458227,0.0262264056833464,13.7576455,1.90144015745367,49.1,10.6716915247771,0.137576455,0.0190144015745367,22.8133333333333,8.98938324420041,-27.9833333333333,0.145181878269217,1.05,0.101488915650922,2.36,0.89918481600466,24.2,7.62134502565,-27.8566666666667,0.168951011966323,1.14666666666667,0.0578311719096582,2.45333333333333,0.901523402050354,1.38666666666667,1.36871391378103,5.66484839666667,1.30741703074932,0.056648484,0.013074170235993,24.99,6.62269582571931,2.499,0.662269582571931,6.228,0.199940824579007,415.6979,0,149.3184,0,105.1325,0,14.65883,0,1.659093333,0,7.467564952,0,43.07,0,3.2162802248264,0,-25.54,0,0.92,0,2.03,0,111.1626,137.5626,136.8626,137.3626,137.0626,24.2351,44.0493,41.3732,26.7192,19.808,0.242351,0.440493,0.413732,0.267192,0.19808,0.189514878,0.29944152,0.288661917,0.215218927,0.169453893,9.209338,11.2325715,13.44629,20.440188,14.45984,38,25.5,32.5,76.5,73,0.09209338,0.112325715,0.1344629,0.20440188,0.1445984,14.77,20.0408319838057,12.91,73.1024004214963,40.76,-28.18,NA,-27.7,NA,-28.07,1.12,NA,0.85,NA,1.18,2.92,NA,3.56,NA,0.6,17.31,NA,15.87,NA,39.42,-28.05,NA,-27.52,NA,-28,1.25,NA,1.05,NA,1.14,2.89,NA,3.75,NA,0.72,2.54,NA,2.96,NA,-1.34,3.57952427,NA,5.34128012,NA,8.0737408,0.035795243,NA,0.053412801,NA,0.080737408,21.1,NA,15.97,NA,37.9,2.11,NA,1.597,NA,3.79,6.625,NA,6.071,NA,5.988
"40","Baltic Sea","SCH","Schleimnde (SCH)","Not grazed","3",130.3826,29.9975232310936,60.23354,27.2081660778635,0.6023354,0.272081660778635,0.271015672,0.0802526081044629,9.6820165,2.06818215054364,33,11.8163022980965,0.096820165,0.0206818215054364,15.47,9.91745094937874,-27.8933333333333,0.168259059521653,0.933333333333333,0.644834173343125,2.13666666666667,0.594035165438695,16.06,9.98034568539587,-27.7966666666667,0.199694210676669,0.95,0.641274772101112,2.36333333333333,0.694174169627319,0.59,0.760021929508178,3.42663301,0.761831533174423,0.03426633,0.00761831561138027,13.38,6.48805826114409,1.338,0.648805826114408,6.042,0.303549556635047,314.9979,0,96.7396,0,173.9325,0,22.95473,0,1.074884444,0,11.69369842,0,43.44,0,5.079742593648,0,-26.92,0,1.26,0,1.05,0,60.6626,74.8626,131.3626,158.3626,226.6626,6.4292,14.3583,50.6465,71.596,158.1377,0.064292,0.143583,0.506465,0.71596,1.581377,0.057478146,0.116044446,0.31119877,0.39227327,0.478083728,4.886192,5.456154,10.8889975,16.1091,11.069639,76,38,21.5,22.5,7,0.04886192,0.05456154,0.108889975,0.161091,0.11069639,34.82,34.3244186046512,9.57,16.5079734219269,2.02,-27.56,NA,-28.1,NA,-28.02,2.2,NA,0.51,NA,0.09,0.98,NA,2.48,NA,2.95,35.81,NA,8.69,NA,3.68,-27.42,NA,-28.1,NA,-27.87,2.22,NA,0.47,NA,0.16,1.12,NA,2.45,NA,3.52,0.99,NA,-0.88,NA,1.66,2.23864744,NA,4.84687005,NA,3.19438154,0.022386474,NA,0.048468701,NA,0.031943815,NA,25.6,11.05,NA,3.49,NA,2.56,1.105,NA,0.349,6.355,NA,6.336,NA,5.435
"41","Baltic Sea","SCH","Schleimnde (SCH)","Not grazed","4",112.6426,10.900844004021,16.39348,3.52573834840307,0.1639348,0.0352573834840307,0.138668304,0.0268920618777321,8.660305,1.56007988055785,55.4,5.18989402589301,0.08660305,0.0156007988055785,18.7166666666667,7.16553169307376,-18.4966666666667,9.44301564355606,1.55333333333333,0.278468031279076,2.27333333333333,0.18269586141393,26.98,4.12719436582933,-27.6166666666667,0.446815895469762,1.69,0.297377425729212,2.41666666666667,0.216204635575754,8.26333333333333,5.90967944233113,2.56697907,0.48854177169735,0.0256697906666667,0.0048854177126815,36.6666666666667,5.45292989542727,3.66666666666667,0.545292989542727,6.17333333333333,0.199881909581077,359.6979,0,89.138,0,104.1325,0,10.82903,0,0.990422222,0,5.516571574,0,46.45,0,2.562447496123,0,-27.07,0,1.3,0,1.91,0,104.6626,79.0626,110.2626,124.2626,144.9626,10.7708,8.7303,14.0276,20.334,28.1047,0.107708,0.087303,0.140276,0.20334,0.281047,0.096623799,0.077662773,0.122430097,0.170065985,0.226558866,7.916538,5.23818,6.66311,9.1503,14.333397,73.5,60,47.5,45,51,0.07916538,0.0523818,0.0666311,0.091503,0.14333397,30.59,49.8935338345865,19.73,23.8356965944272,5.83,-28.45,NA,-27.42,NA,0.38,2.11,NA,1.29,NA,1.26,2,NA,2.2,NA,2.62,34.66,NA,20.52,NA,25.76,-28.51,NA,-27.15,NA,-27.19,2.28,NA,1.33,NA,1.46,2.1,NA,2.32,NA,2.83,4.07,NA,0.79,NA,19.93,3.29478772,NA,2.76764548,NA,1.63850401,0.032947877,NA,0.027676455,NA,0.01638504,41.3,NA,42.9,NA,25.8,4.13,NA,4.29,NA,2.58,5.845,NA,6.14,NA,6.535
"42","Baltic Sea","SCH","Schleimnde (SCH)","Not grazed","5",91.8826,8.93226734933522,13.59,2.80024248235756,0.1359,0.0280024248235755,0.1147566824,0.0218144286186205,7.9352636,1.65748704755128,60.1,5.34181617055473,0.079352636,0.0165748704755128,29.3466666666667,6.13240663288982,-27.7033333333333,0.348058104983126,1.77666666666667,0.500810454274979,1.49,0.312623309005156,30.4633333333333,5.10166748339316,-28.5233333333333,0.493468449965255,1.83,0.366606055596467,1.63,0.336501609703926,1.11666666666667,1.83254225356773,3.72267032666667,1.25340246716661,0.037226703,0.0125340246062393,30.0666666666667,2.78108691781549,3.00666666666667,0.278108691781549,6.379,0.101975487250613,307.9979,0,61.8375,0,131.2325,0,15.48523,0,0.687083333,0,7.888553235,0,45.94,0,3.624001356159,0,-26.17,0,1.48,0,0.96,0,69.9626,73.9626,92.0626,109.7626,113.6626,6.5422,8.0026,13.9538,20.231,19.2204,0.065422,0.080026,0.139538,0.20231,0.192204,0.059304391,0.071367353,0.11838842,0.165021036,0.159702212,4.939361,4.761547,6.27921,10.72243,12.97377,75.5,59.5,45,53,67.5,0.04939361,0.04761547,0.0627921,0.1072243,0.1297377,38.1,53.2043833701251,17.53,46.0942962962963,32.41,-28.16,NA,-27.02,NA,-27.93,2.76,NA,1.12,NA,1.45,1.11,NA,2.11,NA,1.25,35.56,NA,20.26,NA,35.57,-28.01,NA,-29.51,NA,-28.05,2.55,NA,1.35,NA,1.59,1.24,NA,2.3,NA,1.35,-2.54,NA,2.73,NA,3.16,2.4925782,NA,2.44610114,NA,6.22933164,0.024925782,NA,0.024461011,NA,0.062293316,NA,29.6,35.1,NA,25.5,NA,2.96,3.51,NA,2.55,6.192,NA,6.402,NA,6.543
"43","Baltic Sea","WNT","Wendtorf (WNT)","Not grazed","1",126.9626,35.1110096693331,78.00988,32.8356732450912,0.7800988,0.328356732450912,0.2365297054,0.0793416611848128,1.8256752,0.444302381071034,22,13.1719398723195,0.018256752,0.00444302381071034,9.98666666666667,9.69774085948773,-23.63,1.86124510297095,0.746666666666667,0.721718627844521,-3.96333333333333,7.92008487608842,9.33333333333333,9.04407049458987,-24.0666666666667,1.41129176446419,0.643333333333333,0.663433828233415,4.64,1.39150997121832,-0.653333333333333,0.653970777464695,0.635547306666667,0.415562240342736,0.006355473,0.00415562225536012,2.0775,0.5325,0.20775,0.05325,6.742,0.19329511116425,130.999,0,30.686,0,166.0325,0,15.22603,0,0.340955556,0,7.756510443,0,44.99,0,3.4896540483057,0,-26.11,0,1.83,0,3.11,0,41.3626,51.1626,138.9626,213.4626,189.8626,4.9103,5.9459,74.7797,153.95,150.4635,0.049103,0.059459,0.747797,1.5395,1.504635,0.04327381,0.052548928,0.345386313,0.429207026,0.31223245,3.0689375,2.6459255,1.1216955,1.5395,0.7523175,62.5,44.5,1.5,1,0.5,0.030689375,0.026459255,0.011216955,0.015395,0.007523175,29.38,36.93856,0.54,0.44,0.04,-26.94,NA,-23.45,NA,-20.5,2.19,NA,0.04,NA,0.01,2.6,NA,5.24,NA,-19.73,27.42,NA,0.49,NA,0.09,-26.87,NA,-22.95,NA,-22.38,1.97,NA,0,NA,-0.04,2.77,NA,7.36,NA,3.79,-1.96,NA,-0.05,NA,0.05,1.44264614,NA,0.40381038,NA,0.0601854,0.014426461,NA,0.004038104,NA,0.000601854,NA,NA,2.61,NA,1.545,NA,NA,0.261,NA,0.1545,NA,6.429,6.702,NA,7.095
"44","Baltic Sea","WNT","Wendtorf (WNT)","Not grazed","2",133.9026,37.1193561366573,68.6099,37.2546652991676,0.686099,0.372546652991676,0.2262781712,0.089980936623594,4.3079747,1.02621043880005,35.3,13.7437258412703,0.043079747,0.0102621043880005,17.46,9.42802382969694,-24.32,2.69995061683234,1.24666666666667,0.657072632548674,-1.44333333333333,3.79390007482772,18.05,9.4364664997021,-23.78,3.24284340253015,1.24666666666667,0.636980725331971,4.64666666666667,2.47594650812798,0.59,0.865698176810679,1.32294308333333,0.60067679402969,0.0132294306666667,0.00600676786775573,17.2246666666667,8.03875664791791,1.72246666666667,0.803875664791791,6.27633333333333,0.34283831628205,185.299,0,19.6997,0,154.4325,0,11.80593,0,0.218885556,0,6.014228222,0,45.04,0,2.7088083911888,0,-26.87,0,1.79,0,1.59,0,42.8626,93.8626,90.1626,205.9626,236.6626,4.643,11.7183,11.4331,132.012,183.2431,0.04643,0.117183,0.114331,1.32012,1.832431,0.041400569,0.102553259,0.099833218,0.473987346,0.413616464,3.06438,6.562248,5.71655,5.28048,0.9162155,66,56,50,4,0.5,0.0306438,0.06562248,0.0571655,0.0528048,0.009162155,32.53,49.7100121212121,19.74,2.4592,0.11,-27.94,NA,-25.98,NA,-19.04,2.25,NA,1.48,NA,0.01,0.97,NA,3.58,NA,-8.88,32.03,NA,22.04,NA,0.08,-27.89,NA,-26.07,NA,-17.38,2.13,NA,1.6,NA,0.01,1.02,NA,3.54,NA,9.38,-0.5,NA,2.3,NA,-0.03,1.5103679,NA,2.25689394,NA,0.20156741,0.015103679,NA,0.022568939,NA,0.002015674,NA,21.1,28.8,NA,1.774,NA,2.11,2.88,NA,0.1774,NA,5.748,6.162,NA,6.919
"45","Baltic Sea","WNT","Wendtorf (WNT)","Not grazed","3",148.8226,24.5596335477547,92.33974,31.5475449562815,0.9233974,0.315475449562815,0.2635561266,0.0446386219697587,3.3221393,1.15078799173718,13.7,9.19320401165992,0.033221393,0.0115078799173718,8.57333333333333,8.32839386943512,-22.8133333333333,3.03054633871702,0.546666666666667,0.531674503599503,-1.63,4.0067817509817,10.51,10.0803720169446,-23.4266666666667,2.82049837991641,0.646666666666667,0.641673160140304,2.44,3.10090309426141,1.93666666666667,1.75252516228568,1.48262493666667,1.1784979323451,0.0148262493333333,0.0117849792402326,8.63866666666667,6.78100890559641,0.863866666666667,0.678100890559641,6.55866666666667,0.311369198505212,167.099,0,21.4383,0,140.6325,0,13.50293,0,0.238203333,0,6.878721345,0,43.2,0,2.97160762104,0,-27.67,0,1.59,0,0.32,0,93.5626,95.4626,146.9626,198.7626,209.3626,15.2184,25.6508,98.6843,157.8191,164.3261,0.152184,0.256508,0.986843,1.578191,1.643261,0.127430552,0.187584302,0.324185217,0.325094677,0.353485885,7.380924,4.232382,0.986843,2.3672865,1.643261,48.5,16.5,1,1.5,1,0.07380924,0.04232382,0.00986843,0.023672865,0.01643261,25.23,13.5334020618557,0.3,0.735,0.19,-28.27,NA,-22.37,NA,-17.8,1.61,NA,0.02,NA,0.01,-0.38,NA,4.6,NA,-9.11,30.67,NA,0.58,NA,0.28,-28.34,NA,-23.37,NA,-18.57,1.93,NA,0,NA,0.01,-0.2,NA,8.62,NA,-1.1,5.44,NA,0.28,NA,0.09,3.83960232,NA,0.2960529,NA,0.31221959,0.038396023,NA,0.002960529,NA,0.003122196,22.2,NA,1.976,NA,1.74,2.22,NA,0.1976,NA,0.174,5.999,NA,6.602,NA,7.075
